month,business_unit,line_item,actual,budget,variance_eur,variance_pct,direction,suspected_data_error,materiality,evidence_notes,analyst_comment
2024-01,Brand Events,COGS,1729837.87,1758750.0,-28912.13,-0.016439,F,False,,,
2024-02,Brand Events,COGS,1983693.43,2016580.22,-32886.79,-0.016308,F,False,,,
2024-03,Brand Events,COGS,2269238.06,2276079.72,-6841.66,-0.003006,F,False,,,
2024-04,Brand Events,COGS,2921874.92,2917845.19,4029.73,0.001381,U,False,,,
2024-05,Brand Events,COGS,3289592.83,3181953.75,107639.08,0.033828,U,False,,,
2024-06,Brand Events,COGS,3226604.78,3064675.82,161928.96,0.052837,U,False,,,
2024-07,Brand Events,COGS,2120111.51,2177918.71,-57807.2,-0.026542,F,False,,,
2024-08,Brand Events,COGS,1561022.16,1542387.28,18634.88,0.012082,U,False,,,
2024-09,Brand Events,COGS,2524772.99,2450108.04,74664.95,0.030474,U,False,,,
2024-10,Brand Events,COGS,3264209.04,3105005.12,159203.92,0.051273,U,False,,,
2024-11,Brand Events,COGS,3052091.38,3374767.61,-322676.23,-0.095614,F,False,single,,"November events were delivered with in-house crew and staging stock instead of the subcontracting assumed in budget; Q4 freight was also renegotiated. Genuine savings, not a timing shift. (FP&A Analyst, 2024-12-10)"
2024-12,Brand Events,COGS,2941825.41,2864920.99,76904.42,0.026843,U,False,,,
2025-01,Brand Events,COGS,1744858.39,1829100.0,-84241.61,-0.046056,F,False,,,
2025-02,Brand Events,COGS,2060414.38,2097243.43,-36829.05,-0.017561,F,False,,,
2025-03,Brand Events,COGS,2348851.94,2367122.91,-18270.97,-0.007719,F,False,,,
2025-04,Brand Events,COGS,3763948.87,3034558.99,729389.88,0.240361,U,False,episode,"N11, N13",
2025-05,Brand Events,COGS,3962399.47,3309231.9,653167.57,0.197377,U,False,episode,"N11, N13",
2025-06,Brand Events,COGS,3937628.17,3187262.85,750365.32,0.235426,U,False,episode,"N11, N13",
2025-07,Brand Events,COGS,2344069.28,2265035.46,79033.82,0.034893,U,False,,,
2025-08,Brand Events,COGS,1516267.17,1604082.77,-87815.6,-0.054745,F,False,,,
2025-09,Brand Events,COGS,2523699.45,2548112.36,-24412.91,-0.009581,F,False,,,
2025-10,Brand Events,COGS,3309014.3,3229205.33,79808.97,0.024715,U,False,,,
2025-11,Brand Events,COGS,3685969.75,3509758.31,176211.44,0.050206,U,False,,,
2025-12,Brand Events,COGS,3054832.17,2979517.83,75314.34,0.025277,U,False,,,
2026-01,Brand Events,COGS,1885057.65,1902264.0,-17206.35,-0.009045,F,False,,,
2026-02,Brand Events,COGS,2304172.92,2181133.16,123039.76,0.056411,U,False,,,
2026-03,Brand Events,COGS,2491252.02,2461807.83,29444.19,0.01196,U,False,,,
2026-04,Brand Events,COGS,3593117.63,3155941.35,437176.28,0.138525,U,False,single,,"An unplanned client project was won in late March and delivered inside April; external production was booked at short-notice premium rates. Together with the matching revenue line the net margin impact is slightly negative. Change-order discipline flagged to the project director. (FP&A Analyst, 2026-05-12)"
2026-05,Brand Events,COGS,3510252.16,3441601.18,68650.98,0.019947,U,False,,,
2026-06,Brand Events,COGS,3211039.7,3314753.36,-103713.66,-0.031288,F,False,,,
2024-01,Brand Events,Depreciation,29912.17,30000.0,-87.83,-0.002928,F,False,,,
2024-02,Brand Events,Depreciation,30221.11,30075.0,146.11,0.004858,U,False,,,
2024-03,Brand Events,Depreciation,30031.87,30150.0,-118.13,-0.003918,F,False,,,
2024-04,Brand Events,Depreciation,30206.59,30225.0,-18.41,-0.000609,F,False,,,
2024-05,Brand Events,Depreciation,30179.01,30300.0,-120.99,-0.003993,F,False,,,
2024-06,Brand Events,Depreciation,30463.93,30375.0,88.93,0.002928,U,False,,,
2024-07,Brand Events,Depreciation,30684.05,30450.0,234.05,0.007686,U,False,,,
2024-08,Brand Events,Depreciation,30580.89,30525.0,55.89,0.001831,U,False,,,
2024-09,Brand Events,Depreciation,30750.2,30600.0,150.2,0.004908,U,False,,,
2024-10,Brand Events,Depreciation,30360.49,30675.0,-314.51,-0.010253,F,False,,,
2024-11,Brand Events,Depreciation,30569.81,30750.0,-180.19,-0.00586,F,False,,,
2024-12,Brand Events,Depreciation,30566.18,30825.0,-258.82,-0.008396,F,False,,,
2025-01,Brand Events,Depreciation,30952.2,30900.0,52.2,0.001689,U,False,,,
2025-02,Brand Events,Depreciation,30849.14,30975.0,-125.86,-0.004063,F,False,,,
2025-03,Brand Events,Depreciation,30862.17,31050.0,-187.83,-0.006049,F,False,,,
2025-04,Brand Events,Depreciation,31198.34,31125.0,73.34,0.002356,U,False,,,
2025-05,Brand Events,Depreciation,31116.87,31200.0,-83.13,-0.002664,F,False,,,
2025-06,Brand Events,Depreciation,31327.55,31275.0,52.55,0.00168,U,False,,,
2025-07,Brand Events,Depreciation,31501.48,31350.0,151.48,0.004832,U,False,,,
2025-08,Brand Events,Depreciation,31435.52,31425.0,10.52,0.000335,U,False,,,
2025-09,Brand Events,Depreciation,31414.45,31500.0,-85.55,-0.002716,F,False,,,
2025-10,Brand Events,Depreciation,31712.11,31575.0,137.11,0.004342,U,False,,,
2025-11,Brand Events,Depreciation,31812.73,31650.0,162.73,0.005142,U,False,,,
2025-12,Brand Events,Depreciation,31724.09,31725.0,-0.91,-2.9e-05,F,False,,,
2026-01,Brand Events,Depreciation,32028.11,31800.0,228.11,0.007173,U,False,,,
2026-02,Brand Events,Depreciation,32013.74,31875.0,138.74,0.004353,U,False,,,
2026-03,Brand Events,Depreciation,32327.98,31950.0,377.98,0.01183,U,False,,,
2026-04,Brand Events,Depreciation,31872.62,32025.0,-152.38,-0.004758,F,False,,,
2026-05,Brand Events,Depreciation,32398.26,32100.0,298.26,0.009292,U,False,,,
2026-06,Brand Events,Depreciation,32240.42,32175.0,65.42,0.002033,U,False,,,
2024-01,Brand Events,Freelance,322923.47,315000.0,7923.47,0.025154,U,False,,,
2024-02,Brand Events,Freelance,342547.39,361178.55,-18631.16,-0.051584,F,False,,,
2024-03,Brand Events,Freelance,417463.19,407656.07,9807.12,0.024057,U,False,,,
2024-04,Brand Events,Freelance,529572.24,522599.14,6973.1,0.013343,U,False,,,
2024-05,Brand Events,Freelance,568730.02,569902.16,-1172.14,-0.002057,F,False,,,
2024-06,Brand Events,Freelance,580497.81,548897.16,31600.65,0.057571,U,False,,,
2024-07,Brand Events,Freelance,371672.91,390074.99,-18402.08,-0.047176,F,False,,,
2024-08,Brand Events,Freelance,269135.65,276248.47,-7112.82,-0.025748,F,False,,,
2024-09,Brand Events,Freelance,396817.26,438825.32,-42008.06,-0.095728,F,False,,,
2024-10,Brand Events,Freelance,574026.24,556120.32,17905.92,0.032198,U,False,,,
2024-11,Brand Events,Freelance,578451.92,604435.99,-25984.07,-0.042989,F,False,,,
2024-12,Brand Events,Freelance,556766.41,513120.18,43646.23,0.08506,U,False,,,
2025-01,Brand Events,Freelance,285699.03,327600.0,-41900.97,-0.127903,F,False,single,,"Fewer freelance crew days in a light January build schedule; the permanent technical team covered the work. Volume, consistent with the month's activity. (FP&A Analyst, 2025-02-10)"
2025-02,Brand Events,Freelance,380369.02,375625.69,4743.33,0.012628,U,False,,,
2025-03,Brand Events,Freelance,447014.47,423962.31,23052.16,0.054373,U,False,,,
2025-04,Brand Events,Freelance,568072.15,543503.1,24569.05,0.045205,U,False,,,
2025-05,Brand Events,Freelance,589487.0,592698.25,-3211.25,-0.005418,F,False,,,
2025-06,Brand Events,Freelance,578473.27,570853.05,7620.22,0.013349,U,False,,,
2025-07,Brand Events,Freelance,433801.6,405677.99,28123.61,0.069325,U,False,,,
2025-08,Brand Events,Freelance,269453.57,287298.41,-17844.84,-0.062113,F,False,,,
2025-09,Brand Events,Freelance,489435.97,456378.33,33057.64,0.072435,U,False,,,
2025-10,Brand Events,Freelance,571989.49,578365.13,-6375.64,-0.011024,F,False,,,
2025-11,Brand Events,Freelance,634724.4,628613.43,6110.97,0.009721,U,False,,,
2025-12,Brand Events,Freelance,557414.07,533644.99,23769.08,0.044541,U,False,,,
2026-01,Brand Events,Freelance,348307.06,340704.0,7603.06,0.022316,U,False,,,
2026-02,Brand Events,Freelance,388754.95,390650.72,-1895.77,-0.004853,F,False,,,
2026-03,Brand Events,Freelance,383961.14,440920.81,-56959.67,-0.129183,F,False,single,,
2026-04,Brand Events,Freelance,612544.36,565243.23,47301.13,0.083683,U,False,,,
2026-05,Brand Events,Freelance,635643.62,616406.18,19237.44,0.031209,U,False,,,
2026-06,Brand Events,Freelance,588042.86,593687.17,-5644.31,-0.009507,F,False,,,
2024-01,Brand Events,Opex - Facilities,66827.9,66700.0,127.9,0.001918,U,False,,,
2024-02,Brand Events,Opex - Facilities,67912.59,66783.38,1129.21,0.016909,U,False,,,
2024-03,Brand Events,Opex - Facilities,66681.33,66866.75,-185.42,-0.002773,F,False,,,
2024-04,Brand Events,Opex - Facilities,67317.12,66950.12,367.0,0.005482,U,False,,,
2024-05,Brand Events,Opex - Facilities,67652.87,67033.5,619.37,0.00924,U,False,,,
2024-06,Brand Events,Opex - Facilities,67663.7,67116.88,546.82,0.008147,U,False,,,
2024-07,Brand Events,Opex - Facilities,67884.6,67200.25,684.35,0.010184,U,False,,,
2024-08,Brand Events,Opex - Facilities,66638.83,67283.62,-644.79,-0.009583,F,False,,,
2024-09,Brand Events,Opex - Facilities,67531.46,67367.0,164.46,0.002441,U,False,,,
2024-10,Brand Events,Opex - Facilities,67256.82,67450.38,-193.56,-0.00287,F,False,,,
2024-11,Brand Events,Opex - Facilities,67100.94,67533.75,-432.81,-0.006409,F,False,,,
2024-12,Brand Events,Opex - Facilities,67229.94,67617.12,-387.18,-0.005726,F,False,,,
2025-01,Brand Events,Opex - Facilities,68376.2,67700.5,675.7,0.009981,U,False,,,
2025-02,Brand Events,Opex - Facilities,66769.92,67783.88,-1013.96,-0.014959,F,False,,,
2025-03,Brand Events,Opex - Facilities,66916.82,67867.25,-950.43,-0.014004,F,False,,,
2025-04,Brand Events,Opex - Facilities,68192.94,67950.62,242.32,0.003566,U,False,,,
2025-05,Brand Events,Opex - Facilities,69668.63,68034.0,1634.63,0.024027,U,False,,,
2025-06,Brand Events,Opex - Facilities,68482.01,68117.38,364.63,0.005353,U,False,,,
2025-07,Brand Events,Opex - Facilities,68850.52,68200.75,649.77,0.009527,U,False,,,
2025-08,Brand Events,Opex - Facilities,71268.68,68284.12,2984.56,0.043708,U,False,,,
2025-09,Brand Events,Opex - Facilities,67739.79,68367.5,-627.71,-0.009181,F,False,,,
2025-10,Brand Events,Opex - Facilities,67951.55,68450.88,-499.33,-0.007295,F,False,,,
2025-11,Brand Events,Opex - Facilities,67542.1,68534.25,-992.15,-0.014477,F,False,,,
2025-12,Brand Events,Opex - Facilities,69013.84,68617.62,396.22,0.005774,U,False,,,
2026-01,Brand Events,Opex - Facilities,67384.07,68701.0,-1316.93,-0.019169,F,False,,,
2026-02,Brand Events,Opex - Facilities,69010.73,68784.38,226.35,0.003291,U,False,,,
2026-03,Brand Events,Opex - Facilities,67454.42,68867.75,-1413.33,-0.020522,F,False,,,
2026-04,Brand Events,Opex - Facilities,68025.74,68951.12,-925.38,-0.013421,F,False,,,
2026-05,Brand Events,Opex - Facilities,69128.3,69034.5,93.8,0.001359,U,False,,,
2026-06,Brand Events,Opex - Facilities,68771.47,69117.88,-346.41,-0.005012,F,False,,,
2024-01,Brand Events,Opex - G&A,184882.88,180000.0,4882.88,0.027127,U,False,,,
2024-02,Brand Events,Opex - G&A,165934.86,180300.0,-14365.14,-0.079674,F,False,,,
2024-03,Brand Events,Opex - G&A,182086.2,180600.0,1486.2,0.008229,U,False,,,
2024-04,Brand Events,Opex - G&A,187725.0,180900.0,6825.0,0.037728,U,False,,,
2024-05,Brand Events,Opex - G&A,178614.7,181200.0,-2585.3,-0.014268,F,False,,,
2024-06,Brand Events,Opex - G&A,177026.62,181500.0,-4473.38,-0.024647,F,False,,,
2024-07,Brand Events,Opex - G&A,179226.02,181800.0,-2573.98,-0.014158,F,False,,,
2024-08,Brand Events,Opex - G&A,170679.0,182100.0,-11421.0,-0.062718,F,False,,,
2024-09,Brand Events,Opex - G&A,184328.91,182400.0,1928.91,0.010575,U,False,,,
2024-10,Brand Events,Opex - G&A,182767.78,182700.0,67.78,0.000371,U,False,,,
2024-11,Brand Events,Opex - G&A,185900.86,183000.0,2900.86,0.015852,U,False,,,
2024-12,Brand Events,Opex - G&A,174325.51,183300.0,-8974.49,-0.048961,F,False,,,
2025-01,Brand Events,Opex - G&A,183790.73,183600.0,190.73,0.001039,U,False,,,
2025-02,Brand Events,Opex - G&A,181418.38,183900.0,-2481.62,-0.013494,F,False,,,
2025-03,Brand Events,Opex - G&A,177586.59,184200.0,-6613.41,-0.035903,F,False,,,
2025-04,Brand Events,Opex - G&A,185810.48,184500.0,1310.48,0.007103,U,False,,,
2025-05,Brand Events,Opex - G&A,180573.28,184800.0,-4226.72,-0.022872,F,False,,,
2025-06,Brand Events,Opex - G&A,180530.61,185100.0,-4569.39,-0.024686,F,False,,,
2025-07,Brand Events,Opex - G&A,176543.28,185400.0,-8856.72,-0.047771,F,False,,,
2025-08,Brand Events,Opex - G&A,187430.45,185700.0,1730.45,0.009319,U,False,,,
2025-09,Brand Events,Opex - G&A,177669.99,186000.0,-8330.01,-0.044785,F,False,,,
2025-10,Brand Events,Opex - G&A,187647.67,186300.0,1347.67,0.007234,U,False,,,
2025-11,Brand Events,Opex - G&A,186785.56,186600.0,185.56,0.000994,U,False,,,
2025-12,Brand Events,Opex - G&A,176766.09,186900.0,-10133.91,-0.054221,F,False,,,
2026-01,Brand Events,Opex - G&A,187842.04,187200.0,642.04,0.00343,U,False,,,
2026-02,Brand Events,Opex - G&A,179894.97,187500.0,-7605.03,-0.04056,F,False,,,
2026-03,Brand Events,Opex - G&A,184226.1,187800.0,-3573.9,-0.01903,F,False,,,
2026-04,Brand Events,Opex - G&A,190791.82,188100.0,2691.82,0.014311,U,False,,,
2026-05,Brand Events,Opex - G&A,187328.39,188400.0,-1071.61,-0.005688,F,False,,,
2026-06,Brand Events,Opex - G&A,167854.21,188700.0,-20845.79,-0.110471,F,False,single,,
2024-01,Brand Events,Opex - IT,17916.51,20000.0,-2083.49,-0.104175,F,False,,,
2024-02,Brand Events,Opex - IT,20139.16,20033.33,105.83,0.005283,U,False,,,
2024-03,Brand Events,Opex - IT,19986.52,20066.67,-80.15,-0.003994,F,False,,,
2024-04,Brand Events,Opex - IT,20955.95,20100.0,855.95,0.042585,U,False,,,
2024-05,Brand Events,Opex - IT,18822.62,20133.33,-1310.71,-0.065102,F,False,,,
2024-06,Brand Events,Opex - IT,21365.78,20166.67,1199.11,0.05946,U,False,,,
2024-07,Brand Events,Opex - IT,20561.33,20200.0,361.33,0.017888,U,False,,,
2024-08,Brand Events,Opex - IT,19471.96,20233.33,-761.37,-0.037629,F,False,,,
2024-09,Brand Events,Opex - IT,19723.71,20266.67,-542.96,-0.026791,F,False,,,
2024-10,Brand Events,Opex - IT,21693.35,20300.0,1393.35,0.068638,U,False,,,
2024-11,Brand Events,Opex - IT,21456.52,20333.33,1123.19,0.055239,U,False,,,
2024-12,Brand Events,Opex - IT,19775.13,20366.67,-591.54,-0.029045,F,False,,,
2025-01,Brand Events,Opex - IT,21128.74,20400.0,728.74,0.035723,U,False,,,
2025-02,Brand Events,Opex - IT,18271.16,20433.33,-2162.17,-0.105816,F,False,,,
2025-03,Brand Events,Opex - IT,21674.23,20466.67,1207.56,0.059001,U,False,,,
2025-04,Brand Events,Opex - IT,21212.45,20500.0,712.45,0.034754,U,False,,,
2025-05,Brand Events,Opex - IT,20569.23,20533.33,35.9,0.001748,U,False,,,
2025-06,Brand Events,Opex - IT,21940.7,20566.67,1374.03,0.066809,U,False,,,
2025-07,Brand Events,Opex - IT,18331.22,20600.0,-2268.78,-0.110135,F,False,,,
2025-08,Brand Events,Opex - IT,23929.27,20633.33,3295.94,0.159739,U,False,,,
2025-09,Brand Events,Opex - IT,19979.94,20666.67,-686.73,-0.033229,F,False,,,
2025-10,Brand Events,Opex - IT,17926.73,20700.0,-2773.27,-0.133974,F,False,,,
2025-11,Brand Events,Opex - IT,18767.91,20733.33,-1965.42,-0.094795,F,False,,,
2025-12,Brand Events,Opex - IT,22314.32,20766.67,1547.65,0.074526,U,False,,,
2026-01,Brand Events,Opex - IT,18760.59,20800.0,-2039.41,-0.098049,F,False,,,
2026-02,Brand Events,Opex - IT,23010.0,20833.33,2176.67,0.10448,U,False,,,
2026-03,Brand Events,Opex - IT,18822.62,20866.67,-2044.05,-0.097958,F,False,,,
2026-04,Brand Events,Opex - IT,19049.02,20900.0,-1850.98,-0.088564,F,False,,,
2026-05,Brand Events,Opex - IT,23290.4,20933.33,2357.07,0.112599,U,False,,,
2026-06,Brand Events,Opex - IT,19493.71,20966.67,-1472.96,-0.070252,F,False,,,
2024-01,Brand Events,Opex - Marketing,21973.67,27300.0,-5326.33,-0.195104,F,False,,,
2024-02,Brand Events,Opex - Marketing,30393.37,28200.0,2193.37,0.077779,U,False,,,
2024-03,Brand Events,Opex - Marketing,31656.29,29100.0,2556.29,0.087845,U,False,,,
2024-04,Brand Events,Opex - Marketing,31127.15,31350.0,-222.85,-0.007108,F,False,,,
2024-05,Brand Events,Opex - Marketing,30598.02,32250.0,-1651.98,-0.051224,F,False,,,
2024-06,Brand Events,Opex - Marketing,33868.89,31800.0,2068.89,0.065059,U,False,,,
2024-07,Brand Events,Opex - Marketing,31146.64,28650.0,2496.64,0.087143,U,False,,,
2024-08,Brand Events,Opex - Marketing,25556.07,26400.0,-843.93,-0.031967,F,False,,,
2024-09,Brand Events,Opex - Marketing,24577.12,29550.0,-4972.88,-0.168287,F,False,,,
2024-10,Brand Events,Opex - Marketing,30329.72,31800.0,-1470.28,-0.046235,F,False,,,
2024-11,Brand Events,Opex - Marketing,33165.73,32700.0,465.73,0.014243,U,False,,,
2024-12,Brand Events,Opex - Marketing,28854.65,30900.0,-2045.35,-0.066193,F,False,,,
2025-01,Brand Events,Opex - Marketing,28612.44,27300.0,1312.44,0.048075,U,False,,,
2025-02,Brand Events,Opex - Marketing,24119.14,28200.0,-4080.86,-0.144711,F,False,,,
2025-03,Brand Events,Opex - Marketing,28063.27,29100.0,-1036.73,-0.035626,F,False,,,
2025-04,Brand Events,Opex - Marketing,25934.85,31350.0,-5415.15,-0.172732,F,False,,,
2025-05,Brand Events,Opex - Marketing,33000.38,32250.0,750.38,0.023268,U,False,,,
2025-06,Brand Events,Opex - Marketing,36122.22,31800.0,4322.22,0.135919,U,False,,,
2025-07,Brand Events,Opex - Marketing,27533.19,28650.0,-1116.81,-0.038981,F,False,,,
2025-08,Brand Events,Opex - Marketing,28612.65,26400.0,2212.65,0.083813,U,False,,,
2025-09,Brand Events,Opex - Marketing,27147.76,29550.0,-2402.24,-0.081294,F,False,,,
2025-10,Brand Events,Opex - Marketing,28506.62,31800.0,-3293.38,-0.103565,F,False,,,
2025-11,Brand Events,Opex - Marketing,31067.3,32700.0,-1632.7,-0.04993,F,False,,,
2025-12,Brand Events,Opex - Marketing,28109.96,30900.0,-2790.04,-0.090293,F,False,,,
2026-01,Brand Events,Opex - Marketing,26057.9,27300.0,-1242.1,-0.045498,F,False,,,
2026-02,Brand Events,Opex - Marketing,29006.03,28200.0,806.03,0.028583,U,False,,,
2026-03,Brand Events,Opex - Marketing,29633.21,29100.0,533.21,0.018323,U,False,,,
2026-04,Brand Events,Opex - Marketing,35931.63,31350.0,4581.63,0.146144,U,False,,,
2026-05,Brand Events,Opex - Marketing,33338.68,32250.0,1088.68,0.033758,U,False,,,
2026-06,Brand Events,Opex - Marketing,27924.17,31800.0,-3875.83,-0.121881,F,False,,,
2024-01,Brand Events,Opex - Travel,24889.78,22750.0,2139.78,0.094056,U,False,,,
2024-02,Brand Events,Opex - Travel,25566.59,23500.0,2066.59,0.08794,U,False,,,
2024-03,Brand Events,Opex - Travel,21924.71,24250.0,-2325.29,-0.095888,F,False,,,
2024-04,Brand Events,Opex - Travel,25005.99,26125.0,-1119.01,-0.042833,F,False,,,
2024-05,Brand Events,Opex - Travel,25782.76,26875.0,-1092.24,-0.040641,F,False,,,
2024-06,Brand Events,Opex - Travel,24315.12,26500.0,-2184.88,-0.082448,F,False,,,
2024-07,Brand Events,Opex - Travel,24397.12,23875.0,522.12,0.021869,U,False,,,
2024-08,Brand Events,Opex - Travel,18794.26,22000.0,-3205.74,-0.145715,F,False,,,
2024-09,Brand Events,Opex - Travel,27009.39,24625.0,2384.39,0.096828,U,False,,,
2024-10,Brand Events,Opex - Travel,25575.88,26500.0,-924.12,-0.034872,F,False,,,
2024-11,Brand Events,Opex - Travel,28604.76,27250.0,1354.76,0.049716,U,False,,,
2024-12,Brand Events,Opex - Travel,26926.2,25750.0,1176.2,0.045678,U,False,,,
2025-01,Brand Events,Opex - Travel,22778.42,22750.0,28.42,0.001249,U,False,,,
2025-02,Brand Events,Opex - Travel,25089.53,23500.0,1589.53,0.06764,U,False,,,
2025-03,Brand Events,Opex - Travel,27400.63,24250.0,3150.63,0.129923,U,False,,,
2025-04,Brand Events,Opex - Travel,28320.31,26125.0,2195.31,0.084031,U,False,,,
2025-05,Brand Events,Opex - Travel,25451.99,26875.0,-1423.01,-0.052949,F,False,,,
2025-06,Brand Events,Opex - Travel,27082.99,26500.0,582.99,0.022,U,False,,,
2025-07,Brand Events,Opex - Travel,21662.8,23875.0,-2212.2,-0.092658,F,False,,,
2025-08,Brand Events,Opex - Travel,22689.73,22000.0,689.73,0.031351,U,False,,,
2025-09,Brand Events,Opex - Travel,25284.24,24625.0,659.24,0.026771,U,False,,,
2025-10,Brand Events,Opex - Travel,26079.62,26500.0,-420.38,-0.015863,F,False,,,
2025-11,Brand Events,Opex - Travel,29927.97,27250.0,2677.97,0.098274,U,False,,,
2025-12,Brand Events,Opex - Travel,27909.11,25750.0,2159.11,0.083849,U,False,,,
2026-01,Brand Events,Opex - Travel,23764.81,22750.0,1014.81,0.044607,U,False,,,
2026-02,Brand Events,Opex - Travel,23221.2,23500.0,-278.8,-0.011864,F,False,,,
2026-03,Brand Events,Opex - Travel,27974.21,24250.0,3724.21,0.153576,U,False,,,
2026-04,Brand Events,Opex - Travel,25123.92,26125.0,-1001.08,-0.038319,F,False,,,
2026-05,Brand Events,Opex - Travel,26435.75,26875.0,-439.25,-0.016344,F,False,,,
2026-06,Brand Events,Opex - Travel,24265.44,26500.0,-2234.56,-0.084323,F,False,,,
2024-01,Brand Events,Payroll,369463.28,364000.0,5463.28,0.015009,U,False,,,
2024-02,Brand Events,Payroll,358672.25,364897.72,-6225.47,-0.017061,F,False,,,
2024-03,Brand Events,Payroll,368495.42,365797.66,2697.76,0.007375,U,False,,,
2024-04,Brand Events,Payroll,365566.5,366699.81,-1133.31,-0.003091,F,False,,,
2024-05,Brand Events,Payroll,383349.77,367604.19,15745.58,0.042833,U,False,,,
2024-06,Brand Events,Payroll,362318.67,368510.81,-6192.14,-0.016803,F,False,,,
2024-07,Brand Events,Payroll,370281.77,369419.65,862.12,0.002334,U,False,,,
2024-08,Brand Events,Payroll,375006.45,370330.74,4675.71,0.012626,U,False,,,
2024-09,Brand Events,Payroll,364815.38,371244.08,-6428.7,-0.017317,F,False,,,
2024-10,Brand Events,Payroll,378064.7,372159.67,5905.03,0.015867,U,False,,,
2024-11,Brand Events,Payroll,366216.97,373077.51,-6860.54,-0.018389,F,False,,,
2024-12,Brand Events,Payroll,371683.72,373997.62,-2313.9,-0.006187,F,False,,,
2025-01,Brand Events,Payroll,371400.23,374920.0,-3519.77,-0.009388,F,False,,,
2025-02,Brand Events,Payroll,375245.42,375844.65,-599.23,-0.001594,F,False,,,
2025-03,Brand Events,Payroll,373921.97,376771.59,-2849.62,-0.007563,F,False,,,
2025-04,Brand Events,Payroll,375139.75,377700.81,-2561.06,-0.006781,F,False,,,
2025-05,Brand Events,Payroll,379178.53,378632.32,546.21,0.001443,U,False,,,
2025-06,Brand Events,Payroll,380927.07,379566.13,1360.94,0.003586,U,False,,,
2025-07,Brand Events,Payroll,375633.7,380502.24,-4868.54,-0.012795,F,False,,,
2025-08,Brand Events,Payroll,373693.0,381440.66,-7747.66,-0.020312,F,False,,,
2025-09,Brand Events,Payroll,366076.3,382381.4,-16305.1,-0.042641,F,False,,,
2025-10,Brand Events,Payroll,384528.47,383324.46,1204.01,0.003141,U,False,,,
2025-11,Brand Events,Payroll,385271.05,384269.84,1001.21,0.002605,U,False,,,
2025-12,Brand Events,Payroll,378889.3,385217.55,-6328.25,-0.016428,F,False,,,
2026-01,Brand Events,Payroll,381110.44,386167.6,-5057.16,-0.013096,F,False,,,
2026-02,Brand Events,Payroll,388358.71,387119.99,1238.72,0.0032,U,False,,,
2026-03,Brand Events,Payroll,391402.53,388074.74,3327.79,0.008575,U,False,,,
2026-04,Brand Events,Payroll,387635.06,389031.83,-1396.77,-0.00359,F,False,,,
2026-05,Brand Events,Payroll,389951.34,389991.0,-39.66,-0.000102,F,False,,,
2026-06,Brand Events,Payroll,390572.18,390953.11,-380.93,-0.000974,F,False,,,
2024-01,Brand Events,Revenue,2664994.12,2625000.0,39994.12,0.015236,F,False,,,
2024-02,Brand Events,Revenue,2962229.54,3009821.22,-47591.68,-0.015812,U,False,,,
2024-03,Brand Events,Revenue,3476543.51,3397133.91,79409.6,0.023375,F,False,,,
2024-04,Brand Events,Revenue,4206720.65,4354992.82,-148272.17,-0.034046,U,False,,,
2024-05,Brand Events,Revenue,4847191.88,4749184.71,98007.17,0.020637,F,False,,,
2024-06,Brand Events,Revenue,4832347.04,4574143.01,258204.03,0.056449,F,False,,,
2024-07,Brand Events,Revenue,3142458.82,3250624.94,-108166.12,-0.033275,U,False,,,
2024-08,Brand Events,Revenue,2309849.16,2302070.57,7778.59,0.003379,F,False,,,
2024-09,Brand Events,Revenue,3606569.59,3656877.67,-50308.08,-0.013757,U,False,,,
2024-10,Brand Events,Revenue,4770173.57,4634336.0,135837.57,0.029311,F,False,,,
2024-11,Brand Events,Revenue,4715687.11,5036966.58,-321279.47,-0.063784,U,False,,,
2024-12,Brand Events,Revenue,4309897.28,4276001.48,33895.8,0.007927,F,False,,,
2025-01,Brand Events,Revenue,2566767.89,2730000.0,-163232.11,-0.059792,U,False,,,
2025-02,Brand Events,Revenue,3114800.04,3130214.07,-15414.03,-0.004924,U,False,,,
2025-03,Brand Events,Revenue,3603639.77,3533019.27,70620.5,0.019989,F,False,,,
2025-04,Brand Events,Revenue,4482669.22,4529192.53,-46523.31,-0.010272,U,False,,,
2025-05,Brand Events,Revenue,4792422.24,4939152.09,-146729.85,-0.029707,U,False,,,
2025-06,Brand Events,Revenue,4700176.69,4757108.73,-56932.04,-0.011968,U,False,,,
2025-07,Brand Events,Revenue,3627995.68,3380649.94,247345.74,0.073165,F,False,single,,"A client brought part of its September roadshow forward into July. Timing between months rather than new business; the September shortfall stayed within tolerance. (FP&A Analyst, 2025-08-11)"
2025-08,Brand Events,Revenue,2367551.63,2394153.39,-26601.76,-0.011111,U,False,,,
2025-09,Brand Events,Revenue,3881955.9,3803152.78,78803.12,0.02072,F,False,,,
2025-10,Brand Events,Revenue,4785780.89,4819709.0,-33928.11,-0.007039,U,False,,,
2025-11,Brand Events,Revenue,52243583.97,5238445.24,47005138.73,8.973109,F,True,,,
2025-12,Brand Events,Revenue,4285786.02,4447041.54,-161255.52,-0.036261,U,False,,,
2026-01,Brand Events,Revenue,2816963.68,2839200.0,-22236.32,-0.007832,U,False,,,
2026-02,Brand Events,Revenue,3283514.96,3255422.63,28092.33,0.008629,F,False,,,
2026-03,Brand Events,Revenue,3598845.72,3674340.04,-75494.32,-0.020546,U,False,,,
2026-04,Brand Events,Revenue,5099183.49,4710360.23,388823.26,0.082546,F,False,single,,"Unbudgeted revenue from the same late-won April project; see the matching COGS variance. Recognized on delivery. (FP&A Analyst, 2026-05-12)"
2026-05,Brand Events,Revenue,5301947.6,5136718.18,165229.42,0.032166,F,False,,,
2026-06,Brand Events,Revenue,5106683.99,4947393.08,159290.91,0.032197,F,False,,,
2024-01,Corporate Events,COGS,714642.2,711666.67,2975.53,0.004181,U,False,,,
2024-02,Corporate Events,COGS,866526.35,815995.98,50530.37,0.061925,U,False,,,
2024-03,Corporate Events,COGS,931502.29,921000.75,10501.54,0.011402,U,False,,,
2024-04,Corporate Events,COGS,1156663.69,1180686.94,-24023.25,-0.020347,F,False,,,
2024-05,Corporate Events,COGS,1199796.65,1287556.74,-87760.09,-0.06816,F,False,,,
2024-06,Corporate Events,COGS,1122097.13,1240100.99,-118003.86,-0.095157,F,False,,,
2024-07,Corporate Events,COGS,929107.81,881280.54,47827.27,0.05427,U,False,,,
2024-08,Corporate Events,COGS,577059.24,624116.91,-47057.67,-0.075399,F,False,,,
2024-09,Corporate Events,COGS,1009668.42,991420.17,18248.25,0.018406,U,False,,,
2024-10,Corporate Events,COGS,1453425.39,1256419.98,197005.41,0.156799,U,False,single,,"Production costs of the pulled-forward October activation; see the matching revenue variance. (FP&A Analyst, 2024-11-08)"
2024-11,Corporate Events,COGS,1325174.42,1365577.61,-40403.19,-0.029587,F,False,,,
2024-12,Corporate Events,COGS,1152124.85,1159271.51,-7146.66,-0.006165,F,False,,,
2025-01,Corporate Events,COGS,735241.16,740133.33,-4892.17,-0.00661,F,False,,,
2025-02,Corporate Events,COGS,803856.94,848635.81,-44778.87,-0.052766,F,False,,,
2025-03,Corporate Events,COGS,1036973.87,957840.78,79133.09,0.082616,U,False,,,
2025-04,Corporate Events,COGS,1212121.26,1227914.42,-15793.16,-0.012862,F,False,,,
2025-05,Corporate Events,COGS,1449407.66,1339059.01,110348.65,0.082408,U,False,,,
2025-06,Corporate Events,COGS,1313239.57,1289705.03,23534.54,0.018248,U,False,,,
2025-07,Corporate Events,COGS,894066.8,916531.76,-22464.96,-0.024511,F,False,,,
2025-08,Corporate Events,COGS,694636.86,649081.59,45555.27,0.070184,U,False,,,
2025-09,Corporate Events,COGS,1076736.28,1031076.98,45659.3,0.044283,U,False,,,
2025-10,Corporate Events,COGS,1290038.48,1306676.78,-16638.3,-0.012733,F,False,,,
2025-11,Corporate Events,COGS,1474048.22,1420200.71,53847.51,0.037915,U,False,,,
2025-12,Corporate Events,COGS,1318803.75,1205642.37,113161.38,0.09386,U,False,,,
2026-01,Corporate Events,COGS,820064.44,769738.67,50325.77,0.06538,U,False,,,
2026-02,Corporate Events,COGS,858715.0,882581.25,-23866.25,-0.027041,F,False,,,
2026-03,Corporate Events,COGS,986061.06,996154.41,-10093.35,-0.010132,F,False,,,
2026-04,Corporate Events,COGS,1225397.88,1277031.0,-51633.12,-0.040432,F,False,,,
2026-05,Corporate Events,COGS,1418889.29,1392621.37,26267.92,0.018862,U,False,,,
2026-06,Corporate Events,COGS,1379660.82,1341293.23,38367.59,0.028605,U,False,,,
2024-01,Corporate Events,Depreciation,13178.74,13300.0,-121.26,-0.009117,F,False,,,
2024-02,Corporate Events,Depreciation,13295.77,13333.25,-37.48,-0.002811,F,False,,,
2024-03,Corporate Events,Depreciation,13331.72,13366.5,-34.78,-0.002602,F,False,,,
2024-04,Corporate Events,Depreciation,13331.14,13399.75,-68.61,-0.00512,F,False,,,
2024-05,Corporate Events,Depreciation,13401.74,13433.0,-31.26,-0.002327,F,False,,,
2024-06,Corporate Events,Depreciation,13429.22,13466.25,-37.03,-0.00275,F,False,,,
2024-07,Corporate Events,Depreciation,13512.11,13499.5,12.61,0.000934,U,False,,,
2024-08,Corporate Events,Depreciation,13535.15,13532.75,2.4,0.000177,U,False,,,
2024-09,Corporate Events,Depreciation,13628.78,13566.0,62.78,0.004628,U,False,,,
2024-10,Corporate Events,Depreciation,13545.66,13599.25,-53.59,-0.003941,F,False,,,
2024-11,Corporate Events,Depreciation,13550.11,13632.5,-82.39,-0.006044,F,False,,,
2024-12,Corporate Events,Depreciation,13613.13,13665.75,-52.62,-0.003851,F,False,,,
2025-01,Corporate Events,Depreciation,13720.96,13699.0,21.96,0.001603,U,False,,,
2025-02,Corporate Events,Depreciation,13861.57,13732.25,129.32,0.009417,U,False,,,
2025-03,Corporate Events,Depreciation,13816.57,13765.5,51.07,0.00371,U,False,,,
2025-04,Corporate Events,Depreciation,13848.59,13798.75,49.84,0.003612,U,False,,,
2025-05,Corporate Events,Depreciation,13834.55,13832.0,2.55,0.000184,U,False,,,
2025-06,Corporate Events,Depreciation,13926.95,13865.25,61.7,0.00445,U,False,,,
2025-07,Corporate Events,Depreciation,13917.84,13898.5,19.34,0.001392,U,False,,,
2025-08,Corporate Events,Depreciation,13891.1,13931.75,-40.65,-0.002918,F,False,,,
2025-09,Corporate Events,Depreciation,14028.27,13965.0,63.27,0.004531,U,False,,,
2025-10,Corporate Events,Depreciation,14092.02,13998.25,93.77,0.006699,U,False,,,
2025-11,Corporate Events,Depreciation,13934.29,14031.5,-97.21,-0.006928,F,False,,,
2025-12,Corporate Events,Depreciation,13976.22,14064.75,-88.53,-0.006294,F,False,,,
2026-01,Corporate Events,Depreciation,14156.55,14098.0,58.55,0.004153,U,False,,,
2026-02,Corporate Events,Depreciation,14046.43,14131.25,-84.82,-0.006002,F,False,,,
2026-03,Corporate Events,Depreciation,14097.53,14164.5,-66.97,-0.004728,F,False,,,
2026-04,Corporate Events,Depreciation,14361.61,14197.75,163.86,0.011541,U,False,,,
2026-05,Corporate Events,Depreciation,14278.17,14231.0,47.17,0.003315,U,False,,,
2026-06,Corporate Events,Depreciation,14302.15,14264.25,37.9,0.002657,U,False,,,
2024-01,Corporate Events,Freelance,142531.5,128333.33,14198.17,0.110635,U,False,,,
2024-02,Corporate Events,Freelance,150249.77,147146.82,3102.95,0.021087,U,False,,,
2024-03,Corporate Events,Freelance,167116.34,166082.1,1034.24,0.006227,U,False,,,
2024-04,Corporate Events,Freelance,213137.3,212910.76,226.54,0.001064,U,False,,,
2024-05,Corporate Events,Freelance,229099.28,232182.36,-3083.08,-0.013279,F,False,,,
2024-06,Corporate Events,Freelance,203021.25,223624.77,-20603.52,-0.092134,F,False,,,
2024-07,Corporate Events,Freelance,171527.41,158919.44,12607.97,0.079336,U,False,,,
2024-08,Corporate Events,Freelance,102731.77,112545.67,-9813.9,-0.087199,F,False,,,
2024-09,Corporate Events,Freelance,179546.03,178780.69,765.34,0.004281,U,False,,,
2024-10,Corporate Events,Freelance,237351.15,226567.54,10783.61,0.047596,U,False,,,
2024-11,Corporate Events,Freelance,251614.68,246251.7,5362.98,0.021778,U,False,,,
2024-12,Corporate Events,Freelance,202235.36,209048.96,-6813.6,-0.032593,F,False,,,
2025-01,Corporate Events,Freelance,136668.05,133466.67,3201.38,0.023986,U,False,,,
2025-02,Corporate Events,Freelance,137437.53,153032.69,-15595.16,-0.101907,F,False,,,
2025-03,Corporate Events,Freelance,176596.9,172725.39,3871.51,0.022414,U,False,,,
2025-04,Corporate Events,Freelance,205746.22,221427.19,-15680.97,-0.070818,F,False,,,
2025-05,Corporate Events,Freelance,253273.77,241470.0,11803.77,0.048883,U,False,,,
2025-06,Corporate Events,Freelance,218799.05,232569.76,-13770.71,-0.059211,F,False,,,
2025-07,Corporate Events,Freelance,170525.36,165276.22,5249.14,0.03176,U,False,,,
2025-08,Corporate Events,Freelance,113242.02,117047.5,-3805.48,-0.032512,F,False,,,
2025-09,Corporate Events,Freelance,180066.47,185931.91,-5865.44,-0.031546,F,False,,,
2025-10,Corporate Events,Freelance,243358.03,235630.24,7727.79,0.032796,U,False,,,
2025-11,Corporate Events,Freelance,255897.83,256101.77,-203.94,-0.000796,F,False,,,
2025-12,Corporate Events,Freelance,259119.66,217410.92,41708.74,0.191843,U,False,single,,
2026-01,Corporate Events,Freelance,143087.62,138805.33,4282.29,0.030851,U,False,,,
2026-02,Corporate Events,Freelance,157348.94,159154.0,-1805.06,-0.011342,F,False,,,
2026-03,Corporate Events,Freelance,173879.28,179634.4,-5755.12,-0.032038,F,False,,,
2026-04,Corporate Events,Freelance,227503.55,230284.28,-2780.73,-0.012075,F,False,,,
2026-05,Corporate Events,Freelance,261650.55,251128.44,10522.11,0.041899,U,False,,,
2026-06,Corporate Events,Freelance,255909.57,241872.55,14037.02,0.058035,U,False,,,
2024-01,Corporate Events,Opex - Facilities,33568.79,33300.0,268.79,0.008072,U,False,,,
2024-02,Corporate Events,Opex - Facilities,32799.3,33341.62,-542.32,-0.016266,F,False,,,
2024-03,Corporate Events,Opex - Facilities,32650.43,33383.25,-732.82,-0.021952,F,False,,,
2024-04,Corporate Events,Opex - Facilities,33343.32,33424.88,-81.56,-0.00244,F,False,,,
2024-05,Corporate Events,Opex - Facilities,34535.38,33466.5,1068.88,0.031939,U,False,,,
2024-06,Corporate Events,Opex - Facilities,33679.8,33508.12,171.68,0.005124,U,False,,,
2024-07,Corporate Events,Opex - Facilities,33482.4,33549.75,-67.35,-0.002007,F,False,,,
2024-08,Corporate Events,Opex - Facilities,34101.65,33591.38,510.27,0.015191,U,False,,,
2024-09,Corporate Events,Opex - Facilities,33583.92,33633.0,-49.08,-0.001459,F,False,,,
2024-10,Corporate Events,Opex - Facilities,33807.34,33674.62,132.72,0.003941,U,False,,,
2024-11,Corporate Events,Opex - Facilities,33849.62,33716.25,133.37,0.003956,U,False,,,
2024-12,Corporate Events,Opex - Facilities,32458.2,33757.88,-1299.68,-0.0385,F,False,,,
2025-01,Corporate Events,Opex - Facilities,34675.25,33799.5,875.75,0.02591,U,False,,,
2025-02,Corporate Events,Opex - Facilities,34501.05,33841.12,659.93,0.019501,U,False,,,
2025-03,Corporate Events,Opex - Facilities,34303.57,33882.75,420.82,0.01242,U,False,,,
2025-04,Corporate Events,Opex - Facilities,33827.36,33924.38,-97.02,-0.00286,F,False,,,
2025-05,Corporate Events,Opex - Facilities,33368.87,33966.0,-597.13,-0.01758,F,False,,,
2025-06,Corporate Events,Opex - Facilities,33387.04,34007.62,-620.58,-0.018248,F,False,,,
2025-07,Corporate Events,Opex - Facilities,34086.04,34049.25,36.79,0.00108,U,False,,,
2025-08,Corporate Events,Opex - Facilities,34845.62,34090.88,754.74,0.022139,U,False,,,
2025-09,Corporate Events,Opex - Facilities,34252.51,34132.5,120.01,0.003516,U,False,,,
2025-10,Corporate Events,Opex - Facilities,33631.51,34174.12,-542.61,-0.015878,F,False,,,
2025-11,Corporate Events,Opex - Facilities,34221.61,34215.75,5.86,0.000171,U,False,,,
2025-12,Corporate Events,Opex - Facilities,33227.84,34257.38,-1029.54,-0.030053,F,False,,,
2026-01,Corporate Events,Opex - Facilities,33475.17,34299.0,-823.83,-0.024019,F,False,,,
2026-02,Corporate Events,Opex - Facilities,34368.62,34340.62,28.0,0.000815,U,False,,,
2026-03,Corporate Events,Opex - Facilities,34655.62,34382.25,273.37,0.007951,U,False,,,
2026-04,Corporate Events,Opex - Facilities,34286.61,34423.88,-137.27,-0.003988,F,False,,,
2026-05,Corporate Events,Opex - Facilities,34114.85,34465.5,-350.65,-0.010174,F,False,,,
2026-06,Corporate Events,Opex - Facilities,35207.75,34507.12,700.63,0.020304,U,False,,,
2024-01,Corporate Events,Opex - G&A,77796.27,80000.0,-2203.73,-0.027547,F,False,,,
2024-02,Corporate Events,Opex - G&A,81523.07,80133.33,1389.74,0.017343,U,False,,,
2024-03,Corporate Events,Opex - G&A,72697.47,80266.67,-7569.2,-0.094301,F,False,,,
2024-04,Corporate Events,Opex - G&A,79548.85,80400.0,-851.15,-0.010586,F,False,,,
2024-05,Corporate Events,Opex - G&A,83712.72,80533.33,3179.39,0.039479,U,False,,,
2024-06,Corporate Events,Opex - G&A,84790.55,80666.67,4123.88,0.051122,U,False,,,
2024-07,Corporate Events,Opex - G&A,86620.73,80800.0,5820.73,0.072039,U,False,,,
2024-08,Corporate Events,Opex - G&A,74535.03,80933.33,-6398.3,-0.079056,F,False,,,
2024-09,Corporate Events,Opex - G&A,79043.76,81066.67,-2022.91,-0.024954,F,False,,,
2024-10,Corporate Events,Opex - G&A,76058.82,81200.0,-5141.18,-0.063315,F,False,,,
2024-11,Corporate Events,Opex - G&A,76355.93,81333.33,-4977.4,-0.061198,F,False,,,
2024-12,Corporate Events,Opex - G&A,81169.52,81466.67,-297.15,-0.003648,F,False,,,
2025-01,Corporate Events,Opex - G&A,74131.05,81600.0,-7468.95,-0.091531,F,False,,,
2025-02,Corporate Events,Opex - G&A,82953.31,81733.33,1219.98,0.014926,U,False,,,
2025-03,Corporate Events,Opex - G&A,82204.29,81866.67,337.62,0.004124,U,False,,,
2025-04,Corporate Events,Opex - G&A,83864.22,82000.0,1864.22,0.022734,U,False,,,
2025-05,Corporate Events,Opex - G&A,83977.29,82133.33,1843.96,0.022451,U,False,,,
2025-06,Corporate Events,Opex - G&A,77640.51,82266.67,-4626.16,-0.056234,F,False,,,
2025-07,Corporate Events,Opex - G&A,79510.0,82400.0,-2890.0,-0.035073,F,False,,,
2025-08,Corporate Events,Opex - G&A,80688.05,82533.33,-1845.28,-0.022358,F,False,,,
2025-09,Corporate Events,Opex - G&A,82134.59,82666.67,-532.08,-0.006436,F,False,,,
2025-10,Corporate Events,Opex - G&A,80810.94,82800.0,-1989.06,-0.024022,F,False,,,
2025-11,Corporate Events,Opex - G&A,88644.17,82933.33,5710.84,0.068861,U,False,,,
2025-12,Corporate Events,Opex - G&A,82224.05,83066.67,-842.62,-0.010144,F,False,,,
2026-01,Corporate Events,Opex - G&A,86054.6,83200.0,2854.6,0.03431,U,False,,,
2026-02,Corporate Events,Opex - G&A,85117.24,83333.33,1783.91,0.021407,U,False,,,
2026-03,Corporate Events,Opex - G&A,75505.07,83466.67,-7961.6,-0.095387,F,False,,,
2026-04,Corporate Events,Opex - G&A,77087.79,83600.0,-6512.21,-0.077897,F,False,,,
2026-05,Corporate Events,Opex - G&A,79683.25,83733.33,-4050.08,-0.048369,F,False,,,
2026-06,Corporate Events,Opex - G&A,83202.36,83866.67,-664.31,-0.007921,F,False,,,
2024-01,Corporate Events,Opex - IT,10802.21,10000.0,802.21,0.080221,U,False,,,
2024-02,Corporate Events,Opex - IT,10158.16,10016.67,141.49,0.014125,U,False,,,
2024-03,Corporate Events,Opex - IT,9802.66,10033.33,-230.67,-0.02299,F,False,,,
2024-04,Corporate Events,Opex - IT,8323.58,10050.0,-1726.42,-0.171783,F,False,,,
2024-05,Corporate Events,Opex - IT,8885.21,10066.67,-1181.46,-0.117364,F,False,,,
2024-06,Corporate Events,Opex - IT,9786.28,10083.33,-297.05,-0.02946,F,False,,,
2024-07,Corporate Events,Opex - IT,9796.07,10100.0,-303.93,-0.030092,F,False,,,
2024-08,Corporate Events,Opex - IT,10498.3,10116.67,381.63,0.037723,U,False,,,
2024-09,Corporate Events,Opex - IT,10389.9,10133.33,256.57,0.025319,U,False,,,
2024-10,Corporate Events,Opex - IT,11117.21,10150.0,967.21,0.095292,U,False,,,
2024-11,Corporate Events,Opex - IT,9783.16,10166.67,-383.51,-0.037722,F,False,,,
2024-12,Corporate Events,Opex - IT,11382.11,10183.33,1198.78,0.11772,U,False,,,
2025-01,Corporate Events,Opex - IT,10467.64,10200.0,267.64,0.026239,U,False,,,
2025-02,Corporate Events,Opex - IT,9943.3,10216.67,-273.37,-0.026757,F,False,,,
2025-03,Corporate Events,Opex - IT,10592.72,10233.33,359.39,0.03512,U,False,,,
2025-04,Corporate Events,Opex - IT,10891.53,10250.0,641.53,0.062588,U,False,,,
2025-05,Corporate Events,Opex - IT,10211.68,10266.67,-54.99,-0.005356,F,False,,,
2025-06,Corporate Events,Opex - IT,10310.3,10283.33,26.97,0.002623,U,False,,,
2025-07,Corporate Events,Opex - IT,10550.8,10300.0,250.8,0.02435,U,False,,,
2025-08,Corporate Events,Opex - IT,9011.32,10316.67,-1305.35,-0.126528,F,False,,,
2025-09,Corporate Events,Opex - IT,10525.85,10333.33,192.52,0.018631,U,False,,,
2025-10,Corporate Events,Opex - IT,11177.85,10350.0,827.85,0.079986,U,False,,,
2025-11,Corporate Events,Opex - IT,11066.94,10366.67,700.27,0.06755,U,False,,,
2025-12,Corporate Events,Opex - IT,10212.91,10383.33,-170.42,-0.016413,F,False,,,
2026-01,Corporate Events,Opex - IT,9358.63,10400.0,-1041.37,-0.100132,F,False,,,
2026-02,Corporate Events,Opex - IT,8491.58,10416.67,-1925.09,-0.184809,F,False,,,
2026-03,Corporate Events,Opex - IT,10624.65,10433.33,191.32,0.018337,U,False,,,
2026-04,Corporate Events,Opex - IT,10885.7,10450.0,435.7,0.041694,U,False,,,
2026-05,Corporate Events,Opex - IT,8512.65,10466.67,-1954.02,-0.18669,F,False,,,
2026-06,Corporate Events,Opex - IT,10425.35,10483.33,-57.98,-0.005531,F,False,,,
2024-01,Corporate Events,Opex - Marketing,39608.18,40950.0,-1341.82,-0.032767,F,False,,,
2024-02,Corporate Events,Opex - Marketing,43325.76,42300.0,1025.76,0.02425,U,False,,,
2024-03,Corporate Events,Opex - Marketing,39925.59,43650.0,-3724.41,-0.085324,F,False,,,
2024-04,Corporate Events,Opex - Marketing,43948.88,47025.0,-3076.12,-0.065415,F,False,,,
2024-05,Corporate Events,Opex - Marketing,39871.99,48375.0,-8503.01,-0.175773,F,False,,,
2024-06,Corporate Events,Opex - Marketing,42111.63,47700.0,-5588.37,-0.117157,F,False,,,
2024-07,Corporate Events,Opex - Marketing,44843.41,42975.0,1868.41,0.043477,U,False,,,
2024-08,Corporate Events,Opex - Marketing,37400.9,39600.0,-2199.1,-0.055533,F,False,,,
2024-09,Corporate Events,Opex - Marketing,41126.69,44325.0,-3198.31,-0.072156,F,False,,,
2024-10,Corporate Events,Opex - Marketing,42393.8,47700.0,-5306.2,-0.111241,F,False,,,
2024-11,Corporate Events,Opex - Marketing,43603.34,49050.0,-5446.66,-0.111043,F,False,,,
2024-12,Corporate Events,Opex - Marketing,47057.13,46350.0,707.13,0.015256,U,False,,,
2025-01,Corporate Events,Opex - Marketing,33756.22,40950.0,-7193.78,-0.175672,F,False,,,
2025-02,Corporate Events,Opex - Marketing,37846.24,42300.0,-4453.76,-0.10529,F,False,,,
2025-03,Corporate Events,Opex - Marketing,51262.27,43650.0,7612.27,0.174393,U,False,,,
2025-04,Corporate Events,Opex - Marketing,41484.03,47025.0,-5540.97,-0.11783,F,False,episode,"N12, N16",
2025-05,Corporate Events,Opex - Marketing,40770.26,48375.0,-7604.74,-0.157204,F,False,episode,"N12, N16",
2025-06,Corporate Events,Opex - Marketing,42864.57,47700.0,-4835.43,-0.101372,F,False,episode,"N12, N16",
2025-07,Corporate Events,Opex - Marketing,25839.98,42975.0,-17135.02,-0.398721,F,False,episode,"N12, N16",
2025-08,Corporate Events,Opex - Marketing,32713.19,39600.0,-6886.81,-0.173909,F,False,episode,"N12, N16",
2025-09,Corporate Events,Opex - Marketing,38267.58,44325.0,-6057.42,-0.136659,F,False,episode,"N12, N16",
2025-10,Corporate Events,Opex - Marketing,38632.46,47700.0,-9067.54,-0.190095,F,False,episode,"N12, N16",
2025-11,Corporate Events,Opex - Marketing,39033.0,49050.0,-10017.0,-0.20422,F,False,episode,"N12, N16",
2025-12,Corporate Events,Opex - Marketing,44568.16,46350.0,-1781.84,-0.038443,F,False,episode,"N12, N16",
2026-01,Corporate Events,Opex - Marketing,34388.75,40950.0,-6561.25,-0.160226,F,False,episode,"N12, N16",
2026-02,Corporate Events,Opex - Marketing,36324.0,42300.0,-5976.0,-0.141277,F,False,episode,"N12, N16",
2026-03,Corporate Events,Opex - Marketing,46967.98,43650.0,3317.98,0.076013,U,False,,,
2026-04,Corporate Events,Opex - Marketing,45173.43,47025.0,-1851.57,-0.039374,F,False,,,
2026-05,Corporate Events,Opex - Marketing,41204.93,48375.0,-7170.07,-0.148219,F,False,,,
2026-06,Corporate Events,Opex - Marketing,54033.06,47700.0,6333.06,0.132769,U,False,,,
2024-01,Corporate Events,Opex - Travel,12989.11,13650.0,-660.89,-0.048417,F,False,,,
2024-02,Corporate Events,Opex - Travel,13784.36,14100.0,-315.64,-0.022386,F,False,,,
2024-03,Corporate Events,Opex - Travel,17280.81,14550.0,2730.81,0.187685,U,False,,,
2024-04,Corporate Events,Opex - Travel,14532.16,15675.0,-1142.84,-0.072908,F,False,,,
2024-05,Corporate Events,Opex - Travel,15973.0,16125.0,-152.0,-0.009426,F,False,,,
2024-06,Corporate Events,Opex - Travel,20519.06,15900.0,4619.06,0.290507,U,False,,,
2024-07,Corporate Events,Opex - Travel,15438.54,14325.0,1113.54,0.077734,U,False,,,
2024-08,Corporate Events,Opex - Travel,13506.46,13200.0,306.46,0.023217,U,False,,,
2024-09,Corporate Events,Opex - Travel,14775.12,14775.0,0.12,8e-06,U,False,,,
2024-10,Corporate Events,Opex - Travel,14686.74,15900.0,-1213.26,-0.076306,F,False,,,
2024-11,Corporate Events,Opex - Travel,17092.98,16350.0,742.98,0.045442,U,False,,,
2024-12,Corporate Events,Opex - Travel,15060.69,15450.0,-389.31,-0.025198,F,False,,,
2025-01,Corporate Events,Opex - Travel,14537.11,13650.0,887.11,0.06499,U,False,,,
2025-02,Corporate Events,Opex - Travel,14013.53,14100.0,-86.47,-0.006133,F,False,,,
2025-03,Corporate Events,Opex - Travel,15188.87,14550.0,638.87,0.043909,U,False,,,
2025-04,Corporate Events,Opex - Travel,17226.17,15675.0,1551.17,0.098958,U,False,,,
2025-05,Corporate Events,Opex - Travel,17303.37,16125.0,1178.37,0.073077,U,False,,,
2025-06,Corporate Events,Opex - Travel,14788.7,15900.0,-1111.3,-0.069893,F,False,,,
2025-07,Corporate Events,Opex - Travel,15197.05,14325.0,872.05,0.060876,U,False,,,
2025-08,Corporate Events,Opex - Travel,12419.74,13200.0,-780.26,-0.059111,F,False,,,
2025-09,Corporate Events,Opex - Travel,15977.34,14775.0,1202.34,0.081377,U,False,,,
2025-10,Corporate Events,Opex - Travel,15657.49,15900.0,-242.51,-0.015252,F,False,,,
2025-11,Corporate Events,Opex - Travel,15005.62,16350.0,-1344.38,-0.082225,F,False,,,
2025-12,Corporate Events,Opex - Travel,16306.11,15450.0,856.11,0.055412,U,False,,,
2026-01,Corporate Events,Opex - Travel,15437.54,13650.0,1787.54,0.130955,U,False,,,
2026-02,Corporate Events,Opex - Travel,14489.55,14100.0,389.55,0.027628,U,False,,,
2026-03,Corporate Events,Opex - Travel,14751.14,14550.0,201.14,0.013824,U,False,,,
2026-04,Corporate Events,Opex - Travel,16961.18,15675.0,1286.18,0.082053,U,False,,,
2026-05,Corporate Events,Opex - Travel,14034.44,16125.0,-2090.56,-0.129647,F,False,,,
2026-06,Corporate Events,Opex - Travel,17631.86,15900.0,1731.86,0.108922,U,False,,,
2024-01,Corporate Events,Payroll,195119.46,195000.0,119.46,0.000613,U,False,,,
2024-02,Corporate Events,Payroll,192760.05,195480.92,-2720.87,-0.013919,F,False,,,
2024-03,Corporate Events,Payroll,205829.67,195963.03,9866.64,0.050349,U,False,,,
2024-04,Corporate Events,Payroll,201184.04,196446.33,4737.71,0.024117,U,False,,,
2024-05,Corporate Events,Payroll,193477.2,196930.82,-3453.62,-0.017537,F,False,,,
2024-06,Corporate Events,Payroll,204669.24,197416.5,7252.74,0.036738,U,False,,,
2024-07,Corporate Events,Payroll,196932.56,197903.39,-970.83,-0.004906,F,False,,,
2024-08,Corporate Events,Payroll,197334.49,198391.47,-1056.98,-0.005328,F,False,,,
2024-09,Corporate Events,Payroll,199092.19,198880.76,211.43,0.001063,U,False,,,
2024-10,Corporate Events,Payroll,200909.78,199371.25,1538.53,0.007717,U,False,,,
2024-11,Corporate Events,Payroll,203570.16,199862.95,3707.21,0.018549,U,False,,,
2024-12,Corporate Events,Payroll,199941.18,200355.87,-414.69,-0.00207,F,False,,,
2025-01,Corporate Events,Payroll,202039.01,200850.0,1189.01,0.00592,U,False,,,
2025-02,Corporate Events,Payroll,200022.41,201345.35,-1322.94,-0.006571,F,False,,,
2025-03,Corporate Events,Payroll,206594.94,201841.92,4753.02,0.023548,U,False,,,
2025-04,Corporate Events,Payroll,199517.39,202339.72,-2822.33,-0.013948,F,False,,,
2025-05,Corporate Events,Payroll,210224.69,202838.74,7385.95,0.036413,U,False,,,
2025-06,Corporate Events,Payroll,205931.71,203339.0,2592.71,0.012751,U,False,,,
2025-07,Corporate Events,Payroll,208550.47,203840.49,4709.98,0.023106,U,False,,,
2025-08,Corporate Events,Payroll,195911.04,204343.21,-8432.17,-0.041265,F,False,,,
2025-09,Corporate Events,Payroll,202508.05,204847.18,-2339.13,-0.011419,F,False,,,
2025-10,Corporate Events,Payroll,204746.48,205352.39,-605.91,-0.002951,F,False,,,
2025-11,Corporate Events,Payroll,202797.36,205858.84,-3061.48,-0.014872,F,False,,,
2025-12,Corporate Events,Payroll,209841.01,206366.54,3474.47,0.016836,U,False,,,
2026-01,Corporate Events,Payroll,207321.86,206875.5,446.36,0.002158,U,False,,,
2026-02,Corporate Events,Payroll,209559.89,207385.71,2174.18,0.010484,U,False,,,
2026-03,Corporate Events,Payroll,210815.86,207897.18,2918.68,0.014039,U,False,,,
2026-04,Corporate Events,Payroll,209230.11,208409.91,820.2,0.003936,U,False,,,
2026-05,Corporate Events,Payroll,200595.95,208923.91,-8327.96,-0.039861,F,False,,,
2026-06,Corporate Events,Payroll,210267.67,209439.17,828.5,0.003956,U,False,,,
2024-01,Corporate Events,Revenue,1220094.31,1166666.67,53427.64,0.045795,F,False,,,
2024-02,Corporate Events,Revenue,1427150.08,1337698.32,89451.76,0.06687,F,False,,,
2024-03,Corporate Events,Revenue,1516668.54,1509837.3,6831.24,0.004524,F,False,,,
2024-04,Corporate Events,Revenue,1878385.14,1935552.36,-57167.22,-0.029535,U,False,,,
2024-05,Corporate Events,Revenue,1998624.26,2110748.76,-112124.5,-0.053121,U,False,,,
2024-06,Corporate Events,Revenue,1902089.0,2032952.45,-130863.45,-0.064371,U,False,,,
2024-07,Corporate Events,Revenue,1569596.59,1444722.2,124874.39,0.086435,F,False,,,
2024-08,Corporate Events,Revenue,952806.76,1023142.48,-70335.72,-0.068745,U,False,,,
2024-09,Corporate Events,Revenue,1637909.77,1625278.96,12630.81,0.007771,F,False,,,
2024-10,Corporate Events,Revenue,2275270.34,2059704.89,215565.45,0.104658,F,False,single,,"A brand activation sold for early 2025 was pulled into October at the client's request. The matching cost variance appears on the COGS line the same month. (FP&A Analyst, 2024-11-08)"
2024-11,Corporate Events,Revenue,2292395.51,2238651.81,53743.7,0.024007,F,False,,,
2024-12,Corporate Events,Revenue,1905430.62,1900445.1,4985.52,0.002623,F,False,,,
2025-01,Corporate Events,Revenue,1198964.42,1213333.33,-14368.91,-0.011843,U,False,,,
2025-02,Corporate Events,Revenue,1284510.37,1391206.25,-106695.88,-0.076693,U,False,,,
2025-03,Corporate Events,Revenue,1615975.95,1570230.79,45745.16,0.029133,F,False,,,
2025-04,Corporate Events,Revenue,1983124.97,2012974.46,-29849.49,-0.014829,U,False,,,
2025-05,Corporate Events,Revenue,2323733.54,2195178.71,128554.83,0.058562,F,False,,,
2025-06,Corporate Events,Revenue,2059481.36,2114270.55,-54789.19,-0.025914,U,False,,,
2025-07,Corporate Events,Revenue,1452091.3,1502511.08,-50419.78,-0.033557,U,False,,,
2025-08,Corporate Events,Revenue,1086088.55,1064068.17,22020.38,0.020695,F,False,,,
2025-09,Corporate Events,Revenue,1721421.6,1690290.12,31131.48,0.018418,F,False,,,
2025-10,Corporate Events,Revenue,2171048.11,2142093.09,28955.02,0.013517,F,False,,,
2025-11,Corporate Events,Revenue,2313645.6,2328197.89,-14552.29,-0.00625,U,False,,,
2025-12,Corporate Events,Revenue,2107794.97,1976462.91,131332.06,0.066448,F,False,,,
2026-01,Corporate Events,Revenue,1363084.42,1261866.67,101217.75,0.080213,F,False,,,
2026-02,Corporate Events,Revenue,1389404.52,1446854.5,-57449.98,-0.039707,U,False,,,
2026-03,Corporate Events,Revenue,1594518.56,1633040.02,-38521.46,-0.023589,U,False,,,
2026-04,Corporate Events,Revenue,2019731.99,2093493.44,-73761.45,-0.035234,U,False,,,
2026-05,Corporate Events,Revenue,2269568.5,2282985.86,-13417.36,-0.005877,U,False,,,
2026-06,Corporate Events,Revenue,2281235.68,2198841.37,82394.31,0.037472,F,False,,,
2024-01,Digital/Influence,COGS,842665.12,860416.67,-17751.55,-0.020631,F,False,,,
2024-02,Digital/Influence,COGS,1027006.51,986552.51,40454.0,0.041005,U,False,,,
2024-03,Digital/Influence,COGS,1144039.98,1113505.01,30534.97,0.027422,U,False,,,
2024-04,Digital/Influence,COGS,1466681.3,1427469.87,39211.43,0.027469,U,False,,,
2024-05,Digital/Influence,COGS,1662331.85,1556677.21,105654.64,0.067872,U,False,,,
2024-06,Digital/Influence,COGS,1560107.15,1499302.43,60804.72,0.040555,U,False,,,
2024-07,Digital/Influence,COGS,919804.34,1065482.62,-145678.28,-0.136725,F,False,single,,"Contractor spend deferred during the summer staffing gap on the delivery bench; caught up from September. (FP&A Analyst, 2024-08-09)"
2024-08,Digital/Influence,COGS,725761.89,754567.58,-28805.69,-0.038175,F,False,,,
2024-09,Digital/Influence,COGS,1219154.6,1198643.24,20511.36,0.017112,U,False,,,
2024-10,Digital/Influence,COGS,1560480.51,1519032.36,41448.15,0.027286,U,False,,,
2024-11,Digital/Influence,COGS,1759735.96,1651005.71,108730.25,0.065857,U,False,,,
2024-12,Digital/Influence,COGS,1295756.0,1401578.26,-105822.26,-0.075502,F,False,,,
2025-01,Digital/Influence,COGS,749767.88,894833.33,-145065.45,-0.162114,F,False,single,,"External development spend paused over the year-end delivery freeze and resumed in February, alongside the two go-lives that slipped on the revenue line. This recurs every holiday season; budget phasing to be corrected in the next cycle. (FP&A Analyst, 2025-02-10)"
2025-02,Digital/Influence,COGS,1013778.15,1026014.61,-12236.46,-0.011926,F,False,,,
2025-03,Digital/Influence,COGS,1269162.66,1158045.21,111117.45,0.095953,U,False,,,
2025-04,Digital/Influence,COGS,1515089.49,1484568.66,30520.83,0.020559,U,False,,,
2025-05,Digital/Influence,COGS,1604110.65,1618944.3,-14833.65,-0.009163,F,False,,,
2025-06,Digital/Influence,COGS,1422163.53,1559274.53,-137111.0,-0.087933,F,False,,,
2025-07,Digital/Influence,COGS,1085502.9,1108101.92,-22599.02,-0.020394,F,False,,,
2025-08,Digital/Influence,COGS,862342.44,784750.28,77592.16,0.098875,U,False,,,
2025-09,Digital/Influence,COGS,1254641.17,1246588.97,8052.2,0.006459,U,False,,,
2025-10,Digital/Influence,COGS,1553363.57,1579793.65,-26430.08,-0.01673,F,False,,,
2025-11,Digital/Influence,COGS,1657693.18,1717045.94,-59352.76,-0.034567,F,False,,,
2025-12,Digital/Influence,COGS,1361260.42,1457641.39,-96380.97,-0.066121,F,False,,,
2026-01,Digital/Influence,COGS,987092.35,930626.67,56465.68,0.060675,U,False,,,
2026-02,Digital/Influence,COGS,1028142.69,1067055.2,-38912.51,-0.036467,F,False,,,
2026-03,Digital/Influence,COGS,1256991.82,1204367.01,52624.81,0.043695,U,False,,,
2026-04,Digital/Influence,COGS,1536289.92,1543951.41,-7661.49,-0.004962,F,False,,,
2026-05,Digital/Influence,COGS,1756436.45,1683702.07,72734.38,0.043199,U,False,,,
2026-06,Digital/Influence,COGS,1593611.91,1621645.51,-28033.6,-0.017287,F,False,,,
2024-01,Digital/Influence,Depreciation,16741.34,16700.0,41.34,0.002475,U,False,,,
2024-02,Digital/Influence,Depreciation,16767.92,16741.75,26.17,0.001563,U,False,,,
2024-03,Digital/Influence,Depreciation,16682.27,16783.5,-101.23,-0.006032,F,False,,,
2024-04,Digital/Influence,Depreciation,16955.74,16825.25,130.49,0.007756,U,False,,,
2024-05,Digital/Influence,Depreciation,16935.74,16867.0,68.74,0.004075,U,False,,,
2024-06,Digital/Influence,Depreciation,16914.33,16908.75,5.58,0.00033,U,False,,,
2024-07,Digital/Influence,Depreciation,16953.18,16950.5,2.68,0.000158,U,False,,,
2024-08,Digital/Influence,Depreciation,16961.97,16992.25,-30.28,-0.001782,F,False,,,
2024-09,Digital/Influence,Depreciation,17106.48,17034.0,72.48,0.004255,U,False,,,
2024-10,Digital/Influence,Depreciation,17036.26,17075.75,-39.49,-0.002313,F,False,,,
2024-11,Digital/Influence,Depreciation,17119.05,17117.5,1.55,9.1e-05,U,False,,,
2024-12,Digital/Influence,Depreciation,17203.66,17159.25,44.41,0.002588,U,False,,,
2025-01,Digital/Influence,Depreciation,17138.61,17201.0,-62.39,-0.003627,F,False,,,
2025-02,Digital/Influence,Depreciation,17409.22,17242.75,166.47,0.009654,U,False,,,
2025-03,Digital/Influence,Depreciation,17358.82,17284.5,74.32,0.0043,U,False,,,
2025-04,Digital/Influence,Depreciation,17202.54,17326.25,-123.71,-0.00714,F,False,,,
2025-05,Digital/Influence,Depreciation,17420.73,17368.0,52.73,0.003036,U,False,,,
2025-06,Digital/Influence,Depreciation,17373.61,17409.75,-36.14,-0.002076,F,False,,,
2025-07,Digital/Influence,Depreciation,17543.49,17451.5,91.99,0.005271,U,False,,,
2025-08,Digital/Influence,Depreciation,17567.33,17493.25,74.08,0.004235,U,False,,,
2025-09,Digital/Influence,Depreciation,17439.54,17535.0,-95.46,-0.005444,F,False,,,
2025-10,Digital/Influence,Depreciation,17480.92,17576.75,-95.83,-0.005452,F,False,,,
2025-11,Digital/Influence,Depreciation,17630.91,17618.5,12.41,0.000704,U,False,,,
2025-12,Digital/Influence,Depreciation,17810.92,17660.25,150.67,0.008532,U,False,,,
2026-01,Digital/Influence,Depreciation,17799.12,17702.0,97.12,0.005486,U,False,,,
2026-02,Digital/Influence,Depreciation,17650.15,17743.75,-93.6,-0.005275,F,False,,,
2026-03,Digital/Influence,Depreciation,17871.2,17785.5,85.7,0.004819,U,False,,,
2026-04,Digital/Influence,Depreciation,17748.26,17827.25,-78.99,-0.004431,F,False,,,
2026-05,Digital/Influence,Depreciation,17982.83,17869.0,113.83,0.00637,U,False,,,
2026-06,Digital/Influence,Depreciation,17937.2,17910.75,26.45,0.001477,U,False,,,
2024-01,Digital/Influence,Freelance,144604.73,145833.33,-1228.6,-0.008425,F,False,,,
2024-02,Digital/Influence,Freelance,184719.84,167212.29,17507.55,0.104703,U,False,,,
2024-03,Digital/Influence,Freelance,204899.41,188729.66,16169.75,0.085677,U,False,,,
2024-04,Digital/Influence,Freelance,238303.51,241944.05,-3640.54,-0.015047,F,False,,,
2024-05,Digital/Influence,Freelance,284647.84,263843.59,20804.25,0.078851,U,False,,,
2024-06,Digital/Influence,Freelance,263096.46,254119.06,8977.4,0.035328,U,False,,,
2024-07,Digital/Influence,Freelance,156916.46,180590.27,-23673.81,-0.131091,F,False,single,,"Freelance day rates paused over the same summer gap as the deferred contractor work; see the matching external production variance. (FP&A Analyst, 2024-08-09)"
2024-08,Digital/Influence,Freelance,130118.12,127892.81,2225.31,0.0174,U,False,,,
2024-09,Digital/Influence,Freelance,219807.65,203159.87,16647.78,0.081944,U,False,,,
2024-10,Digital/Influence,Freelance,254409.11,257463.11,-3054.0,-0.011862,F,False,,,
2024-11,Digital/Influence,Freelance,310478.38,279831.48,30646.9,0.109519,U,False,single,,"Freelance motion designers booked to cover a vacant post through the November campaign peak. The permanent hire started in January. (FP&A Analyst, 2024-12-10)"
2024-12,Digital/Influence,Freelance,235354.27,237555.64,-2201.37,-0.009267,F,False,,,
2025-01,Digital/Influence,Freelance,123473.66,151666.67,-28193.01,-0.185888,F,False,single,,"Freelance bookings paused with the two platform go-lives that slipped into February; see the matching revenue variance. (FP&A Analyst, 2025-02-10)"
2025-02,Digital/Influence,Freelance,179526.94,173900.78,5626.16,0.032353,U,False,,,
2025-03,Digital/Influence,Freelance,186763.11,196278.85,-9515.74,-0.048481,F,False,,,
2025-04,Digital/Influence,Freelance,248933.38,251621.81,-2688.43,-0.010684,F,False,,,
2025-05,Digital/Influence,Freelance,270524.05,274397.34,-3873.29,-0.014116,F,False,,,
2025-06,Digital/Influence,Freelance,250045.77,264283.82,-14238.05,-0.053874,F,False,,,
2025-07,Digital/Influence,Freelance,187137.93,187813.89,-675.96,-0.003599,F,False,,,
2025-08,Digital/Influence,Freelance,148372.31,133008.52,15363.79,0.11551,U,False,,,
2025-09,Digital/Influence,Freelance,198046.88,211286.27,-13239.39,-0.062661,F,False,,,
2025-10,Digital/Influence,Freelance,256158.99,267761.64,-11602.65,-0.043332,F,False,,,
2025-11,Digital/Influence,Freelance,287847.89,291024.74,-3176.85,-0.010916,F,False,,,
2025-12,Digital/Influence,Freelance,232089.11,247057.86,-14968.75,-0.060588,F,False,,,
2026-01,Digital/Influence,Freelance,163053.04,157733.33,5319.71,0.033726,U,False,,,
2026-02,Digital/Influence,Freelance,190213.11,180856.81,9356.3,0.051733,U,False,,,
2026-03,Digital/Influence,Freelance,221724.72,204130.0,17594.72,0.086194,U,False,,,
2026-04,Digital/Influence,Freelance,267209.8,261686.68,5523.12,0.021106,U,False,,,
2026-05,Digital/Influence,Freelance,291201.4,285373.23,5828.17,0.020423,U,False,,,
2026-06,Digital/Influence,Freelance,260805.03,274855.17,-14050.14,-0.051118,F,False,,,
2024-01,Digital/Influence,Opex - Facilities,46756.88,46200.0,556.88,0.012054,U,False,,,
2024-02,Digital/Influence,Opex - Facilities,44987.35,46257.75,-1270.4,-0.027464,F,False,,,
2024-03,Digital/Influence,Opex - Facilities,46184.03,46315.5,-131.47,-0.002839,F,False,,,
2024-04,Digital/Influence,Opex - Facilities,46142.67,46373.25,-230.58,-0.004972,F,False,,,
2024-05,Digital/Influence,Opex - Facilities,46479.32,46431.0,48.32,0.001041,U,False,,,
2024-06,Digital/Influence,Opex - Facilities,45907.62,46488.75,-581.13,-0.0125,F,False,,,
2024-07,Digital/Influence,Opex - Facilities,47318.7,46546.5,772.2,0.01659,U,False,,,
2024-08,Digital/Influence,Opex - Facilities,46367.09,46604.25,-237.16,-0.005089,F,False,,,
2024-09,Digital/Influence,Opex - Facilities,46726.06,46662.0,64.06,0.001373,U,False,,,
2024-10,Digital/Influence,Opex - Facilities,47186.19,46719.75,466.44,0.009984,U,False,,,
2024-11,Digital/Influence,Opex - Facilities,45492.47,46777.5,-1285.03,-0.027471,F,False,,,
2024-12,Digital/Influence,Opex - Facilities,45779.7,46835.25,-1055.55,-0.022538,F,False,,,
2025-01,Digital/Influence,Opex - Facilities,45795.03,46893.0,-1097.97,-0.023414,F,False,,,
2025-02,Digital/Influence,Opex - Facilities,46465.96,46950.75,-484.79,-0.010326,F,False,,,
2025-03,Digital/Influence,Opex - Facilities,47998.37,47008.5,989.87,0.021057,U,False,,,
2025-04,Digital/Influence,Opex - Facilities,46401.82,47066.25,-664.43,-0.014117,F,False,,,
2025-05,Digital/Influence,Opex - Facilities,45431.59,47124.0,-1692.41,-0.035914,F,False,,,
2025-06,Digital/Influence,Opex - Facilities,47069.09,47181.75,-112.66,-0.002388,F,False,,,
2025-07,Digital/Influence,Opex - Facilities,47449.54,47239.5,210.04,0.004446,U,False,,,
2025-08,Digital/Influence,Opex - Facilities,46666.68,47297.25,-630.57,-0.013332,F,False,,,
2025-09,Digital/Influence,Opex - Facilities,47241.6,47355.0,-113.4,-0.002395,F,False,,,
2025-10,Digital/Influence,Opex - Facilities,46772.89,47412.75,-639.86,-0.013496,F,False,,,
2025-11,Digital/Influence,Opex - Facilities,45754.5,47470.5,-1716.0,-0.036149,F,False,,,
2025-12,Digital/Influence,Opex - Facilities,46931.0,47528.25,-597.25,-0.012566,F,False,,,
2026-01,Digital/Influence,Opex - Facilities,46671.59,47586.0,-914.41,-0.019216,F,False,,,
2026-02,Digital/Influence,Opex - Facilities,47231.01,47643.75,-412.74,-0.008663,F,False,,,
2026-03,Digital/Influence,Opex - Facilities,46495.42,47701.5,-1206.08,-0.025284,F,False,,,
2026-04,Digital/Influence,Opex - Facilities,46840.38,47759.25,-918.87,-0.01924,F,False,,,
2026-05,Digital/Influence,Opex - Facilities,48009.88,47817.0,192.88,0.004034,U,False,,,
2026-06,Digital/Influence,Opex - Facilities,46142.08,47874.75,-1732.67,-0.036192,F,False,,,
2024-01,Digital/Influence,Opex - G&A,99698.42,100000.0,-301.58,-0.003016,F,False,,,
2024-02,Digital/Influence,Opex - G&A,101334.55,100166.67,1167.88,0.011659,U,False,,,
2024-03,Digital/Influence,Opex - G&A,103396.11,100333.33,3062.78,0.030526,U,False,,,
2024-04,Digital/Influence,Opex - G&A,106321.14,100500.0,5821.14,0.057922,U,False,,,
2024-05,Digital/Influence,Opex - G&A,99530.64,100666.67,-1136.03,-0.011285,F,False,,,
2024-06,Digital/Influence,Opex - G&A,94581.17,100833.33,-6252.16,-0.062005,F,False,,,
2024-07,Digital/Influence,Opex - G&A,99139.78,101000.0,-1860.22,-0.018418,F,False,,,
2024-08,Digital/Influence,Opex - G&A,92601.92,101166.67,-8564.75,-0.08466,F,False,,,
2024-09,Digital/Influence,Opex - G&A,104038.4,101333.33,2705.07,0.026695,U,False,,,
2024-10,Digital/Influence,Opex - G&A,100975.35,101500.0,-524.65,-0.005169,F,False,,,
2024-11,Digital/Influence,Opex - G&A,101106.31,101666.67,-560.36,-0.005512,F,False,,,
2024-12,Digital/Influence,Opex - G&A,96499.51,101833.33,-5333.82,-0.052378,F,False,,,
2025-01,Digital/Influence,Opex - G&A,102747.28,102000.0,747.28,0.007326,U,False,,,
2025-02,Digital/Influence,Opex - G&A,102321.55,102166.67,154.88,0.001516,U,False,,,
2025-03,Digital/Influence,Opex - G&A,107950.77,102333.33,5617.44,0.054894,U,False,,,
2025-04,Digital/Influence,Opex - G&A,111549.57,102500.0,9049.57,0.088288,U,False,,,
2025-05,Digital/Influence,Opex - G&A,107788.56,102666.67,5121.89,0.049889,U,False,,,
2025-06,Digital/Influence,Opex - G&A,105498.57,102833.33,2665.24,0.025918,U,False,,,
2025-07,Digital/Influence,Opex - G&A,100272.48,103000.0,-2727.52,-0.026481,F,False,,,
2025-08,Digital/Influence,Opex - G&A,113551.16,103166.67,10384.49,0.100657,U,False,,,
2025-09,Digital/Influence,Opex - G&A,106650.59,103333.33,3317.26,0.032103,U,False,,,
2025-10,Digital/Influence,Opex - G&A,104084.3,103500.0,584.3,0.005645,U,False,,,
2025-11,Digital/Influence,Opex - G&A,100872.47,103666.67,-2794.2,-0.026954,F,False,,,
2025-12,Digital/Influence,Opex - G&A,103400.65,103833.33,-432.68,-0.004167,F,False,,,
2026-01,Digital/Influence,Opex - G&A,105801.22,104000.0,1801.22,0.017319,U,False,,,
2026-02,Digital/Influence,Opex - G&A,109992.69,104166.67,5826.02,0.05593,U,False,,,
2026-03,Digital/Influence,Opex - G&A,107562.81,104333.33,3229.48,0.030953,U,False,,,
2026-04,Digital/Influence,Opex - G&A,104800.93,104500.0,300.93,0.00288,U,False,,,
2026-05,Digital/Influence,Opex - G&A,99783.3,104666.67,-4883.37,-0.046656,F,False,,,
2026-06,Digital/Influence,Opex - G&A,100922.28,104833.33,-3911.05,-0.037307,F,False,,,
2024-01,Digital/Influence,Opex - IT,19427.17,20000.0,-572.83,-0.028642,F,False,,,
2024-02,Digital/Influence,Opex - IT,19823.25,20033.33,-210.08,-0.010487,F,False,,,
2024-03,Digital/Influence,Opex - IT,20753.57,20066.67,686.9,0.034231,U,False,,,
2024-04,Digital/Influence,Opex - IT,21816.09,20100.0,1716.09,0.085378,U,False,,,
2024-05,Digital/Influence,Opex - IT,23478.66,20133.33,3345.33,0.166159,U,False,,,
2024-06,Digital/Influence,Opex - IT,20673.11,20166.67,506.44,0.025113,U,False,,,
2024-07,Digital/Influence,Opex - IT,23330.57,20200.0,3130.57,0.154979,U,False,,,
2024-08,Digital/Influence,Opex - IT,21235.56,20233.33,1002.23,0.049534,U,False,,,
2024-09,Digital/Influence,Opex - IT,22590.39,20266.67,2323.72,0.114657,U,False,,,
2024-10,Digital/Influence,Opex - IT,18917.1,20300.0,-1382.9,-0.068123,F,False,,,
2024-11,Digital/Influence,Opex - IT,21855.16,20333.33,1521.83,0.074844,U,False,,,
2024-12,Digital/Influence,Opex - IT,19194.39,20366.67,-1172.28,-0.057559,F,False,,,
2025-01,Digital/Influence,Opex - IT,21159.01,20400.0,759.01,0.037206,U,False,,,
2025-02,Digital/Influence,Opex - IT,21525.82,20433.33,1092.49,0.053466,U,False,,,
2025-03,Digital/Influence,Opex - IT,20153.37,20466.67,-313.3,-0.015308,F,False,,,
2025-04,Digital/Influence,Opex - IT,19906.7,20500.0,-593.3,-0.028941,F,False,,,
2025-05,Digital/Influence,Opex - IT,22418.81,20533.33,1885.48,0.091825,U,False,,,
2025-06,Digital/Influence,Opex - IT,20149.78,20566.67,-416.89,-0.02027,F,False,,,
2025-07,Digital/Influence,Opex - IT,21517.17,20600.0,917.17,0.044523,U,False,,,
2025-08,Digital/Influence,Opex - IT,18579.13,20633.33,-2054.2,-0.099557,F,False,,,
2025-09,Digital/Influence,Opex - IT,21889.16,20666.67,1222.49,0.059153,U,False,,,
2025-10,Digital/Influence,Opex - IT,21133.93,20700.0,433.93,0.020963,U,False,,,
2025-11,Digital/Influence,Opex - IT,21336.18,20733.33,602.85,0.029076,U,False,,,
2025-12,Digital/Influence,Opex - IT,18811.92,20766.67,-1954.75,-0.094129,F,False,,,
2026-01,Digital/Influence,Opex - IT,18051.47,20800.0,-2748.53,-0.132141,F,False,,,
2026-02,Digital/Influence,Opex - IT,21692.35,20833.33,859.02,0.041233,U,False,,,
2026-03,Digital/Influence,Opex - IT,21614.69,20866.67,748.02,0.035848,U,False,,,
2026-04,Digital/Influence,Opex - IT,19551.37,20900.0,-1348.63,-0.064528,F,False,,,
2026-05,Digital/Influence,Opex - IT,20987.1,20933.33,53.77,0.002569,U,False,,,
2026-06,Digital/Influence,Opex - IT,19221.26,20966.67,-1745.41,-0.083247,F,False,,,
2024-01,Digital/Influence,Opex - Marketing,16583.6,18200.0,-1616.4,-0.088813,F,False,,,
2024-02,Digital/Influence,Opex - Marketing,19692.43,18800.0,892.43,0.04747,U,False,,,
2024-03,Digital/Influence,Opex - Marketing,18130.69,19400.0,-1269.31,-0.065428,F,False,,,
2024-04,Digital/Influence,Opex - Marketing,17813.37,20900.0,-3086.63,-0.147686,F,False,,,
2024-05,Digital/Influence,Opex - Marketing,25694.68,21500.0,4194.68,0.195101,U,False,,,
2024-06,Digital/Influence,Opex - Marketing,21145.17,21200.0,-54.83,-0.002586,F,False,,,
2024-07,Digital/Influence,Opex - Marketing,18540.0,19100.0,-560.0,-0.029319,F,False,,,
2024-08,Digital/Influence,Opex - Marketing,17926.17,17600.0,326.17,0.018532,U,False,,,
2024-09,Digital/Influence,Opex - Marketing,20139.47,19700.0,439.47,0.022308,U,False,,,
2024-10,Digital/Influence,Opex - Marketing,22112.24,21200.0,912.24,0.04303,U,False,,,
2024-11,Digital/Influence,Opex - Marketing,21127.09,21800.0,-672.91,-0.030867,F,False,,,
2024-12,Digital/Influence,Opex - Marketing,22444.08,20600.0,1844.08,0.089518,U,False,,,
2025-01,Digital/Influence,Opex - Marketing,17181.58,18200.0,-1018.42,-0.055957,F,False,,,
2025-02,Digital/Influence,Opex - Marketing,19447.93,18800.0,647.93,0.034464,U,False,,,
2025-03,Digital/Influence,Opex - Marketing,21991.42,19400.0,2591.42,0.133578,U,False,,,
2025-04,Digital/Influence,Opex - Marketing,24170.26,20900.0,3270.26,0.156472,U,False,,,
2025-05,Digital/Influence,Opex - Marketing,20341.64,21500.0,-1158.36,-0.053877,F,False,,,
2025-06,Digital/Influence,Opex - Marketing,20820.04,21200.0,-379.96,-0.017923,F,False,,,
2025-07,Digital/Influence,Opex - Marketing,19835.42,19100.0,735.42,0.038504,U,False,,,
2025-08,Digital/Influence,Opex - Marketing,15783.22,17600.0,-1816.78,-0.103226,F,False,,,
2025-09,Digital/Influence,Opex - Marketing,21473.36,19700.0,1773.36,0.090018,U,False,,,
2025-10,Digital/Influence,Opex - Marketing,21055.88,21200.0,-144.12,-0.006798,F,False,,,
2025-11,Digital/Influence,Opex - Marketing,21249.51,21800.0,-550.49,-0.025252,F,False,,,
2025-12,Digital/Influence,Opex - Marketing,24714.43,20600.0,4114.43,0.19973,U,False,,,
2026-01,Digital/Influence,Opex - Marketing,21514.76,18200.0,3314.76,0.18213,U,False,,,
2026-02,Digital/Influence,Opex - Marketing,15463.07,18800.0,-3336.93,-0.177496,F,False,,,
2026-03,Digital/Influence,Opex - Marketing,20880.08,19400.0,1480.08,0.076293,U,False,,,
2026-04,Digital/Influence,Opex - Marketing,21832.81,20900.0,932.81,0.044632,U,False,,,
2026-05,Digital/Influence,Opex - Marketing,20552.6,21500.0,-947.4,-0.044065,F,False,,,
2026-06,Digital/Influence,Opex - Marketing,24088.8,21200.0,2888.8,0.136264,U,False,,,
2024-01,Digital/Influence,Opex - Travel,9303.25,10920.0,-1616.75,-0.148054,F,False,,,
2024-02,Digital/Influence,Opex - Travel,10106.27,11280.0,-1173.73,-0.104054,F,False,,,
2024-03,Digital/Influence,Opex - Travel,10394.81,11640.0,-1245.19,-0.106975,F,False,,,
2024-04,Digital/Influence,Opex - Travel,12110.15,12540.0,-429.85,-0.034278,F,False,,,
2024-05,Digital/Influence,Opex - Travel,13349.92,12900.0,449.92,0.034878,U,False,,,
2024-06,Digital/Influence,Opex - Travel,13143.67,12720.0,423.67,0.033307,U,False,,,
2024-07,Digital/Influence,Opex - Travel,10934.36,11460.0,-525.64,-0.045867,F,False,,,
2024-08,Digital/Influence,Opex - Travel,10259.71,10560.0,-300.29,-0.028437,F,False,,,
2024-09,Digital/Influence,Opex - Travel,14890.45,11820.0,3070.45,0.259767,U,False,,,
2024-10,Digital/Influence,Opex - Travel,11728.5,12720.0,-991.5,-0.077948,F,False,,,
2024-11,Digital/Influence,Opex - Travel,13673.79,13080.0,593.79,0.045397,U,False,,,
2024-12,Digital/Influence,Opex - Travel,14045.73,12360.0,1685.73,0.136386,U,False,,,
2025-01,Digital/Influence,Opex - Travel,11394.89,10920.0,474.89,0.043488,U,False,,,
2025-02,Digital/Influence,Opex - Travel,12172.03,11280.0,892.03,0.079081,U,False,,,
2025-03,Digital/Influence,Opex - Travel,10606.72,11640.0,-1033.28,-0.08877,F,False,,,
2025-04,Digital/Influence,Opex - Travel,12863.82,12540.0,323.82,0.025823,U,False,,,
2025-05,Digital/Influence,Opex - Travel,13722.34,12900.0,822.34,0.063747,U,False,,,
2025-06,Digital/Influence,Opex - Travel,13035.03,12720.0,315.03,0.024767,U,False,,,
2025-07,Digital/Influence,Opex - Travel,12219.42,11460.0,759.42,0.066267,U,False,,,
2025-08,Digital/Influence,Opex - Travel,9764.27,10560.0,-795.73,-0.075353,F,False,,,
2025-09,Digital/Influence,Opex - Travel,10915.14,11820.0,-904.86,-0.076553,F,False,,,
2025-10,Digital/Influence,Opex - Travel,10877.98,12720.0,-1842.02,-0.144813,F,False,,,
2025-11,Digital/Influence,Opex - Travel,14712.32,13080.0,1632.32,0.124795,U,False,,,
2025-12,Digital/Influence,Opex - Travel,13242.99,12360.0,882.99,0.071439,U,False,,,
2026-01,Digital/Influence,Opex - Travel,11191.95,10920.0,271.95,0.024904,U,False,,,
2026-02,Digital/Influence,Opex - Travel,11552.59,11280.0,272.59,0.024166,U,False,,,
2026-03,Digital/Influence,Opex - Travel,12269.88,11640.0,629.88,0.054113,U,False,,,
2026-04,Digital/Influence,Opex - Travel,10754.64,12540.0,-1785.36,-0.142373,F,False,,,
2026-05,Digital/Influence,Opex - Travel,14772.02,12900.0,1872.02,0.145118,U,False,,,
2026-06,Digital/Influence,Opex - Travel,12196.4,12720.0,-523.6,-0.041164,F,False,,,
2024-01,Digital/Influence,Payroll,308290.94,312000.0,-3709.06,-0.011888,F,False,,,
2024-02,Digital/Influence,Payroll,315226.76,312769.48,2457.28,0.007857,U,False,,,
2024-03,Digital/Influence,Payroll,310192.86,313540.85,-3347.99,-0.010678,F,False,,,
2024-04,Digital/Influence,Payroll,322616.18,314314.13,8302.05,0.026413,U,False,,,
2024-05,Digital/Influence,Payroll,314262.91,315089.31,-826.4,-0.002623,F,False,,,
2024-06,Digital/Influence,Payroll,310524.09,315866.41,-5342.32,-0.016913,F,False,,,
2024-07,Digital/Influence,Payroll,309569.13,316645.42,-7076.29,-0.022348,F,False,,,
2024-08,Digital/Influence,Payroll,314842.0,317426.35,-2584.35,-0.008142,F,False,,,
2024-09,Digital/Influence,Payroll,318249.55,318209.21,40.34,0.000127,U,False,,,
2024-10,Digital/Influence,Payroll,317906.82,318994.0,-1087.18,-0.003408,F,False,,,
2024-11,Digital/Influence,Payroll,317949.99,319780.72,-1830.73,-0.005725,F,False,,,
2024-12,Digital/Influence,Payroll,310983.97,320569.39,-9585.42,-0.029901,F,False,,,
2025-01,Digital/Influence,Payroll,336916.49,321360.0,15556.49,0.048408,U,False,,,
2025-02,Digital/Influence,Payroll,321597.81,322152.56,-554.75,-0.001722,F,False,,,
2025-03,Digital/Influence,Payroll,316680.94,322947.08,-6266.14,-0.019403,F,False,,,
2025-04,Digital/Influence,Payroll,324594.9,323743.55,851.35,0.00263,U,False,,,
2025-05,Digital/Influence,Payroll,314378.9,324541.99,-10163.09,-0.031315,F,False,,,
2025-06,Digital/Influence,Payroll,319966.25,325342.4,-5376.15,-0.016525,F,False,,,
2025-07,Digital/Influence,Payroll,330755.49,326144.78,4610.71,0.014137,U,False,,,
2025-08,Digital/Influence,Payroll,324941.13,326949.14,-2008.01,-0.006142,F,False,,,
2025-09,Digital/Influence,Payroll,328090.73,327755.49,335.24,0.001023,U,False,,,
2025-10,Digital/Influence,Payroll,329799.04,328563.82,1235.22,0.003759,U,False,,,
2025-11,Digital/Influence,Payroll,338176.25,329374.15,8802.1,0.026724,U,False,,,
2025-12,Digital/Influence,Payroll,323106.39,330186.47,-7080.08,-0.021443,F,False,,,
2026-01,Digital/Influence,Payroll,322908.66,331000.8,-8092.14,-0.024447,F,False,,,
2026-02,Digital/Influence,Payroll,337209.84,331817.14,5392.7,0.016252,U,False,,,
2026-03,Digital/Influence,Payroll,328400.27,332635.49,-4235.22,-0.012732,F,False,,,
2026-04,Digital/Influence,Payroll,335024.94,333455.86,1569.08,0.004706,U,False,,,
2026-05,Digital/Influence,Payroll,330173.47,334278.25,-4104.78,-0.01228,F,False,,,
2026-06,Digital/Influence,Payroll,331527.44,335102.67,-3575.23,-0.010669,F,False,,,
2024-01,Digital/Influence,Revenue,1465050.9,1458333.33,6717.57,0.004606,F,False,,,
2024-02,Digital/Influence,Revenue,1815989.83,1672122.9,143866.93,0.086038,F,False,,,
2024-03,Digital/Influence,Revenue,1974895.21,1887296.62,87598.59,0.046415,F,False,,,
2024-04,Digital/Influence,Revenue,2459199.36,2419440.45,39758.91,0.016433,F,False,,,
2024-05,Digital/Influence,Revenue,2785474.99,2638435.95,147039.04,0.05573,F,False,,,
2024-06,Digital/Influence,Revenue,2561544.3,2541190.56,20353.74,0.00801,F,False,,,
2024-07,Digital/Influence,Revenue,1662372.53,1805902.74,-143530.21,-0.079478,U,False,,,
2024-08,Digital/Influence,Revenue,1217405.83,1278928.09,-61522.26,-0.048105,U,False,,,
2024-09,Digital/Influence,Revenue,2139664.68,2031598.71,108065.97,0.053193,F,False,,,
2024-10,Digital/Influence,Revenue,2649395.45,2574631.11,74764.34,0.029039,F,False,,,
2024-11,Digital/Influence,Revenue,2950163.5,2798314.77,151848.73,0.054264,F,False,,,
2024-12,Digital/Influence,Revenue,2335693.67,2375556.38,-39862.71,-0.01678,U,False,,,
2025-01,Digital/Influence,Revenue,1291856.56,1516666.67,-224810.11,-0.148226,U,False,single,,"Two platform go-lives slipped from January into February on client-side content delays. Revenue is recognized on delivery, so January carries the gap; both projects were invoiced in February. (FP&A Analyst, 2025-02-10)"
2025-02,Digital/Influence,Revenue,1713155.43,1739007.82,-25852.39,-0.014866,U,False,,,
2025-03,Digital/Influence,Revenue,2050899.57,1962788.48,88111.09,0.044891,F,False,,,
2025-04,Digital/Influence,Revenue,2460542.25,2516218.07,-55675.82,-0.022127,U,False,,,
2025-05,Digital/Influence,Revenue,2682430.97,2743973.39,-61542.42,-0.022428,U,False,,,
2025-06,Digital/Influence,Revenue,2538899.88,2642838.18,-103938.3,-0.039328,U,False,,,
2025-07,Digital/Influence,Revenue,1897238.42,1878138.85,19099.57,0.010169,F,False,,,
2025-08,Digital/Influence,Revenue,1465426.26,1330085.22,135341.04,0.101754,F,False,single,,"One retainer client commissioned an out-of-cycle campaign microsite in an otherwise quiet August. (FP&A Analyst, 2025-09-09)"
2025-09,Digital/Influence,Revenue,1915910.14,2112862.65,-196952.51,-0.093216,U,False,single,N08,
2025-10,Digital/Influence,Revenue,2590203.41,2677616.36,-87412.95,-0.032646,U,False,,,
2025-11,Digital/Influence,Revenue,2937871.92,2910247.36,27624.56,0.009492,F,False,,,
2025-12,Digital/Influence,Revenue,2327736.24,2470578.64,-142842.4,-0.057817,U,False,,,
2026-01,Digital/Influence,Revenue,1595902.36,1577333.33,18569.03,0.011772,F,False,,,
2026-02,Digital/Influence,Revenue,1770262.06,1808568.13,-38306.07,-0.02118,U,False,,,
2026-03,Digital/Influence,Revenue,2171376.48,2041300.02,130076.46,0.063722,F,False,,,
2026-04,Digital/Influence,Revenue,2687265.02,2616866.79,70398.23,0.026902,F,False,,,
2026-05,Digital/Influence,Revenue,2955584.9,2853732.32,101852.58,0.035691,F,False,,,
2026-06,Digital/Influence,Revenue,2663392.52,2748551.71,-85159.19,-0.030983,U,False,,,
2024-01,Government & Institutions,COGS,379974.39,326666.67,53307.72,0.163187,U,False,single,,"January carried final supplier invoices for a December 2023 conference that arrived after the prior-year cut-off. Timing across the year-end, no change to the full-year run-rate. (FP&A Analyst, 2024-02-09)"
2024-02,Government & Institutions,COGS,359854.04,374555.53,-14701.49,-0.03925,F,False,,,
2024-03,Government & Institutions,COGS,413853.56,422754.44,-8900.88,-0.021054,F,False,,,
2024-04,Government & Institutions,COGS,564116.4,541954.66,22161.74,0.040892,U,False,,,
2024-05,Government & Institutions,COGS,620751.2,591009.65,29741.55,0.050323,U,False,,,
2024-06,Government & Institutions,COGS,495444.24,569226.69,-73782.45,-0.129619,F,False,single,,"The June conference was held in a client-owned venue instead of the hired venue assumed in budget; venue and catering pass-through came in under plan. A saving, not timing. (FP&A Analyst, 2024-07-09)"
2024-07,Government & Institutions,COGS,374673.1,404522.21,-29849.11,-0.073789,F,False,,,
2024-08,Government & Institutions,COGS,291049.93,286479.89,4570.04,0.015952,U,False,,,
2024-09,Government & Institutions,COGS,494337.1,455078.11,39258.99,0.086269,U,False,,,
2024-10,Government & Institutions,COGS,499092.55,576717.37,-77624.82,-0.134598,F,False,single,,"Delivery costs of the two milestones that slipped into November were held back with them; see the matching revenue variance. Timing only. (FP&A Analyst, 2024-11-08)"
2024-11,Government & Institutions,COGS,656839.38,626822.51,30016.87,0.047887,U,False,,,
2024-12,Government & Institutions,COGS,543350.2,532124.63,11225.57,0.021096,U,False,,,
2025-01,Government & Institutions,COGS,323892.6,339733.33,-15840.73,-0.046627,F,False,,,
2025-02,Government & Institutions,COGS,383351.79,389537.75,-6185.96,-0.01588,F,False,,,
2025-03,Government & Institutions,COGS,400675.41,439664.62,-38989.21,-0.088679,F,False,,,
2025-04,Government & Institutions,COGS,581344.13,563632.85,17711.28,0.031423,U,False,,,
2025-05,Government & Institutions,COGS,550739.39,614650.04,-63910.65,-0.103979,F,False,single,,"Two May engagements ran on the in-house registration platform rather than the external provider budgeted for them; supplier spend under plan. A saving, not timing. (FP&A Analyst, 2025-06-10)"
2025-06,Government & Institutions,COGS,565753.57,591995.75,-26242.18,-0.044328,F,False,,,
2025-07,Government & Institutions,COGS,411627.29,420703.1,-9075.81,-0.021573,F,False,,,
2025-08,Government & Institutions,COGS,310570.11,297939.09,12631.02,0.042395,U,False,,,
2025-09,Government & Institutions,COGS,535163.47,473281.23,61882.24,0.130752,U,False,single,,"The September summit required additional security screening and accreditation staffing imposed by the host ministry after the budget was set; only part of it could be recharged. (FP&A Analyst, 2025-10-10)"
2025-10,Government & Institutions,COGS,612799.68,599786.06,13013.62,0.021697,U,False,,,
2025-11,Government & Institutions,COGS,657136.75,651895.41,5241.34,0.00804,U,False,,,
2025-12,Government & Institutions,COGS,526769.63,553409.61,-26639.98,-0.048138,F,False,,,
2026-01,Government & Institutions,COGS,371878.86,353322.67,18556.19,0.052519,U,False,,,
2026-02,Government & Institutions,COGS,425704.97,405119.26,20585.71,0.050814,U,False,,,
2026-03,Government & Institutions,COGS,456032.33,457251.21,-1218.88,-0.002666,F,False,,,
2026-04,Government & Institutions,COGS,544802.09,586178.16,-41376.07,-0.070586,F,False,,,
2026-05,Government & Institutions,COGS,637965.29,639236.04,-1270.75,-0.001988,F,False,,,
2026-06,Government & Institutions,COGS,590341.67,615675.58,-25333.91,-0.041148,F,False,,,
2024-01,Government & Institutions,Depreciation,6712.62,6700.0,12.62,0.001884,U,False,,,
2024-02,Government & Institutions,Depreciation,6715.84,6716.75,-0.91,-0.000135,F,False,,,
2024-03,Government & Institutions,Depreciation,6710.96,6733.5,-22.54,-0.003347,F,False,,,
2024-04,Government & Institutions,Depreciation,6796.99,6750.25,46.74,0.006924,U,False,,,
2024-05,Government & Institutions,Depreciation,6789.73,6767.0,22.73,0.003359,U,False,,,
2024-06,Government & Institutions,Depreciation,6801.36,6783.75,17.61,0.002596,U,False,,,
2024-07,Government & Institutions,Depreciation,6829.05,6800.5,28.55,0.004198,U,False,,,
2024-08,Government & Institutions,Depreciation,6791.1,6817.25,-26.15,-0.003836,F,False,,,
2024-09,Government & Institutions,Depreciation,6807.35,6834.0,-26.65,-0.0039,F,False,,,
2024-10,Government & Institutions,Depreciation,6854.37,6850.75,3.62,0.000528,U,False,,,
2024-11,Government & Institutions,Depreciation,6828.49,6867.5,-39.01,-0.00568,F,False,,,
2024-12,Government & Institutions,Depreciation,6857.74,6884.25,-26.51,-0.003851,F,False,,,
2025-01,Government & Institutions,Depreciation,6955.08,6901.0,54.08,0.007837,U,False,,,
2025-02,Government & Institutions,Depreciation,6906.51,6917.75,-11.24,-0.001625,F,False,,,
2025-03,Government & Institutions,Depreciation,6949.18,6934.5,14.68,0.002117,U,False,,,
2025-04,Government & Institutions,Depreciation,6906.73,6951.25,-44.52,-0.006405,F,False,,,
2025-05,Government & Institutions,Depreciation,6949.69,6968.0,-18.31,-0.002628,F,False,,,
2025-06,Government & Institutions,Depreciation,6962.71,6984.75,-22.04,-0.003155,F,False,,,
2025-07,Government & Institutions,Depreciation,7002.59,7001.5,1.09,0.000156,U,False,,,
2025-08,Government & Institutions,Depreciation,6988.57,7018.25,-29.68,-0.004229,F,False,,,
2025-09,Government & Institutions,Depreciation,7080.64,7035.0,45.64,0.006488,U,False,,,
2025-10,Government & Institutions,Depreciation,7088.95,7051.75,37.2,0.005275,U,False,,,
2025-11,Government & Institutions,Depreciation,7073.19,7068.5,4.69,0.000664,U,False,,,
2025-12,Government & Institutions,Depreciation,7085.1,7085.25,-0.15,-2.1e-05,F,False,,,
2026-01,Government & Institutions,Depreciation,7186.15,7102.0,84.15,0.011849,U,False,,,
2026-02,Government & Institutions,Depreciation,7154.65,7118.75,35.9,0.005043,U,False,,,
2026-03,Government & Institutions,Depreciation,7124.25,7135.5,-11.25,-0.001577,F,False,,,
2026-04,Government & Institutions,Depreciation,7132.37,7152.25,-19.88,-0.00278,F,False,,,
2026-05,Government & Institutions,Depreciation,7215.23,7169.0,46.23,0.006449,U,False,,,
2026-06,Government & Institutions,Depreciation,7134.79,7185.75,-50.96,-0.007092,F,False,,,
2024-01,Government & Institutions,Freelance,75961.35,70000.0,5961.35,0.085162,U,False,,,
2024-02,Government & Institutions,Freelance,73895.31,80261.9,-6366.59,-0.079323,F,False,,,
2024-03,Government & Institutions,Freelance,89836.8,90590.24,-753.44,-0.008317,F,False,,,
2024-04,Government & Institutions,Freelance,116296.34,116133.14,163.2,0.001405,U,False,,,
2024-05,Government & Institutions,Freelance,131874.5,126644.93,5229.57,0.041293,U,False,,,
2024-06,Government & Institutions,Freelance,111159.66,121977.15,-10817.49,-0.088685,F,False,,,
2024-07,Government & Institutions,Freelance,85136.6,86683.33,-1546.73,-0.017843,F,False,,,
2024-08,Government & Institutions,Freelance,61170.23,61388.55,-218.32,-0.003556,F,False,,,
2024-09,Government & Institutions,Freelance,100547.64,97516.74,3030.9,0.031081,U,False,,,
2024-10,Government & Institutions,Freelance,109858.68,123582.29,-13723.61,-0.111048,F,False,,,
2024-11,Government & Institutions,Freelance,139130.74,134319.11,4811.63,0.035822,U,False,,,
2024-12,Government & Institutions,Freelance,115656.58,114026.71,1629.87,0.014294,U,False,,,
2025-01,Government & Institutions,Freelance,72775.85,72800.0,-24.15,-0.000332,F,False,,,
2025-02,Government & Institutions,Freelance,83165.0,83472.38,-307.38,-0.003682,F,False,,,
2025-03,Government & Institutions,Freelance,90171.18,94213.85,-4042.67,-0.04291,F,False,,,
2025-04,Government & Institutions,Freelance,128643.6,120778.47,7865.13,0.06512,U,False,,,
2025-05,Government & Institutions,Freelance,117764.6,131710.72,-13946.12,-0.105884,F,False,,,
2025-06,Government & Institutions,Freelance,119073.95,126856.23,-7782.28,-0.061347,F,False,,,
2025-07,Government & Institutions,Freelance,89815.2,90150.67,-335.47,-0.003721,F,False,,,
2025-08,Government & Institutions,Freelance,64503.78,63844.09,659.69,0.010333,U,False,,,
2025-09,Government & Institutions,Freelance,112295.74,101417.41,10878.33,0.107263,U,False,,,
2025-10,Government & Institutions,Freelance,132958.26,128525.59,4432.67,0.034489,U,False,,,
2025-11,Government & Institutions,Freelance,137646.78,139691.87,-2045.09,-0.01464,F,False,,,
2025-12,Government & Institutions,Freelance,111329.2,118587.77,-7258.57,-0.061208,F,False,,,
2026-01,Government & Institutions,Freelance,76377.08,75712.0,665.08,0.008784,U,False,,,
2026-02,Government & Institutions,Freelance,90757.59,86811.27,3946.32,0.045459,U,False,,,
2026-03,Government & Institutions,Freelance,94649.3,97982.4,-3333.1,-0.034017,F,False,,,
2026-04,Government & Institutions,Freelance,116369.44,125609.61,-9240.17,-0.073563,F,False,,,
2026-05,Government & Institutions,Freelance,134400.09,136979.15,-2579.06,-0.018828,F,False,,,
2026-06,Government & Institutions,Freelance,129769.51,131930.48,-2160.97,-0.01638,F,False,,,
2024-01,Government & Institutions,Opex - Facilities,20441.6,20500.0,-58.4,-0.002849,F,False,,,
2024-02,Government & Institutions,Opex - Facilities,20578.57,20525.62,52.95,0.00258,U,False,,,
2024-03,Government & Institutions,Opex - Facilities,21120.88,20551.25,569.63,0.027718,U,False,,,
2024-04,Government & Institutions,Opex - Facilities,20631.63,20576.88,54.75,0.002661,U,False,,,
2024-05,Government & Institutions,Opex - Facilities,20577.29,20602.5,-25.21,-0.001224,F,False,,,
2024-06,Government & Institutions,Opex - Facilities,20712.4,20628.13,84.27,0.004085,U,False,,,
2024-07,Government & Institutions,Opex - Facilities,20621.58,20653.75,-32.17,-0.001558,F,False,,,
2024-08,Government & Institutions,Opex - Facilities,20530.76,20679.38,-148.62,-0.007187,F,False,,,
2024-09,Government & Institutions,Opex - Facilities,21000.68,20705.0,295.68,0.014281,U,False,,,
2024-10,Government & Institutions,Opex - Facilities,20668.09,20730.62,-62.53,-0.003016,F,False,,,
2024-11,Government & Institutions,Opex - Facilities,20472.75,20756.25,-283.5,-0.013659,F,False,,,
2024-12,Government & Institutions,Opex - Facilities,20778.11,20781.88,-3.77,-0.000181,F,False,,,
2025-01,Government & Institutions,Opex - Facilities,20777.48,20807.5,-30.02,-0.001443,F,False,,,
2025-02,Government & Institutions,Opex - Facilities,21072.91,20833.13,239.78,0.01151,U,False,,,
2025-03,Government & Institutions,Opex - Facilities,20945.78,20858.75,87.03,0.004172,U,False,,,
2025-04,Government & Institutions,Opex - Facilities,21256.45,20884.38,372.07,0.017816,U,False,,,
2025-05,Government & Institutions,Opex - Facilities,20793.41,20910.0,-116.59,-0.005576,F,False,,,
2025-06,Government & Institutions,Opex - Facilities,21292.38,20935.62,356.76,0.017041,U,False,,,
2025-07,Government & Institutions,Opex - Facilities,21193.92,20961.25,232.67,0.0111,U,False,,,
2025-08,Government & Institutions,Opex - Facilities,21516.32,20986.88,529.44,0.025227,U,False,,,
2025-09,Government & Institutions,Opex - Facilities,20667.85,21012.5,-344.65,-0.016402,F,False,,,
2025-10,Government & Institutions,Opex - Facilities,21320.31,21038.13,282.18,0.013413,U,False,,,
2025-11,Government & Institutions,Opex - Facilities,20828.02,21063.75,-235.73,-0.011191,F,False,,,
2025-12,Government & Institutions,Opex - Facilities,21424.45,21089.38,335.07,0.015888,U,False,,,
2026-01,Government & Institutions,Opex - Facilities,21522.73,21115.0,407.73,0.01931,U,False,,,
2026-02,Government & Institutions,Opex - Facilities,20957.37,21140.62,-183.25,-0.008668,F,False,,,
2026-03,Government & Institutions,Opex - Facilities,21252.99,21166.25,86.74,0.004098,U,False,,,
2026-04,Government & Institutions,Opex - Facilities,21201.13,21191.88,9.25,0.000436,U,False,,,
2026-05,Government & Institutions,Opex - Facilities,20858.57,21217.5,-358.93,-0.016917,F,False,,,
2026-06,Government & Institutions,Opex - Facilities,21136.08,21243.12,-107.04,-0.005039,F,False,,,
2024-01,Government & Institutions,Opex - G&A,38901.99,40000.0,-1098.01,-0.02745,F,False,,,
2024-02,Government & Institutions,Opex - G&A,40883.98,40066.67,817.31,0.020399,U,False,,,
2024-03,Government & Institutions,Opex - G&A,39521.61,40133.33,-611.72,-0.015242,F,False,,,
2024-04,Government & Institutions,Opex - G&A,37673.56,40200.0,-2526.44,-0.062847,F,False,,,
2024-05,Government & Institutions,Opex - G&A,43611.5,40266.67,3344.83,0.083067,U,False,,,
2024-06,Government & Institutions,Opex - G&A,39360.66,40333.33,-972.67,-0.024116,F,False,,,
2024-07,Government & Institutions,Opex - G&A,41096.71,40400.0,696.71,0.017245,U,False,,,
2024-08,Government & Institutions,Opex - G&A,42320.1,40466.67,1853.43,0.045801,U,False,,,
2024-09,Government & Institutions,Opex - G&A,41537.77,40533.33,1004.44,0.024781,U,False,,,
2024-10,Government & Institutions,Opex - G&A,43092.83,40600.0,2492.83,0.0614,U,False,,,
2024-11,Government & Institutions,Opex - G&A,42503.79,40666.67,1837.12,0.045175,U,False,,,
2024-12,Government & Institutions,Opex - G&A,42469.96,40733.33,1736.63,0.042634,U,False,,,
2025-01,Government & Institutions,Opex - G&A,40686.01,40800.0,-113.99,-0.002794,F,False,,,
2025-02,Government & Institutions,Opex - G&A,39981.56,40866.67,-885.11,-0.021658,F,False,,,
2025-03,Government & Institutions,Opex - G&A,41837.04,40933.33,903.71,0.022078,U,False,,,
2025-04,Government & Institutions,Opex - G&A,42102.04,41000.0,1102.04,0.026879,U,False,,,
2025-05,Government & Institutions,Opex - G&A,40183.76,41066.67,-882.91,-0.021499,F,False,,,
2025-06,Government & Institutions,Opex - G&A,42858.8,41133.33,1725.47,0.041948,U,False,,,
2025-07,Government & Institutions,Opex - G&A,43093.05,41200.0,1893.05,0.045948,U,False,,,
2025-08,Government & Institutions,Opex - G&A,43392.84,41266.67,2126.17,0.051523,U,False,,,
2025-09,Government & Institutions,Opex - G&A,41783.96,41333.33,450.63,0.010902,U,False,,,
2025-10,Government & Institutions,Opex - G&A,41435.03,41400.0,35.03,0.000846,U,False,,,
2025-11,Government & Institutions,Opex - G&A,42399.5,41466.67,932.83,0.022496,U,False,,,
2025-12,Government & Institutions,Opex - G&A,39070.51,41533.33,-2462.82,-0.059297,F,False,,,
2026-01,Government & Institutions,Opex - G&A,42481.92,41600.0,881.92,0.0212,U,False,,,
2026-02,Government & Institutions,Opex - G&A,43194.02,41666.67,1527.35,0.036656,U,False,,,
2026-03,Government & Institutions,Opex - G&A,42915.42,41733.33,1182.09,0.028325,U,False,,,
2026-04,Government & Institutions,Opex - G&A,43171.8,41800.0,1371.8,0.032818,U,False,,,
2026-05,Government & Institutions,Opex - G&A,43136.07,41866.67,1269.4,0.03032,U,False,,,
2026-06,Government & Institutions,Opex - G&A,43052.57,41933.33,1119.24,0.026691,U,False,,,
2024-01,Government & Institutions,Opex - IT,14656.53,15000.0,-343.47,-0.022898,F,False,,,
2024-02,Government & Institutions,Opex - IT,17492.33,15025.0,2467.33,0.164215,U,False,,,
2024-03,Government & Institutions,Opex - IT,14579.88,15050.0,-470.12,-0.031237,F,False,,,
2024-04,Government & Institutions,Opex - IT,14026.93,15075.0,-1048.07,-0.069524,F,False,,,
2024-05,Government & Institutions,Opex - IT,14686.45,15100.0,-413.55,-0.027387,F,False,,,
2024-06,Government & Institutions,Opex - IT,16074.66,15125.0,949.66,0.062787,U,False,,,
2024-07,Government & Institutions,Opex - IT,15659.27,15150.0,509.27,0.033615,U,False,,,
2024-08,Government & Institutions,Opex - IT,14646.42,15175.0,-528.58,-0.034832,F,False,,,
2024-09,Government & Institutions,Opex - IT,14901.15,15200.0,-298.85,-0.019661,F,False,,,
2024-10,Government & Institutions,Opex - IT,14110.34,15225.0,-1114.66,-0.073212,F,False,,,
2024-11,Government & Institutions,Opex - IT,39366.12,15250.0,24116.12,1.581385,U,False,single,N06,
2024-12,Government & Institutions,Opex - IT,14010.13,15275.0,-1264.87,-0.082807,F,False,,,
2025-01,Government & Institutions,Opex - IT,14048.73,15300.0,-1251.27,-0.081782,F,False,,,
2025-02,Government & Institutions,Opex - IT,15671.45,15325.0,346.45,0.022607,U,False,,,
2025-03,Government & Institutions,Opex - IT,15119.54,15350.0,-230.46,-0.015014,F,False,,,
2025-04,Government & Institutions,Opex - IT,16607.15,15375.0,1232.15,0.08014,U,False,,,
2025-05,Government & Institutions,Opex - IT,16036.08,15400.0,636.08,0.041304,U,False,,,
2025-06,Government & Institutions,Opex - IT,17627.9,15425.0,2202.9,0.142814,U,False,,,
2025-07,Government & Institutions,Opex - IT,16235.32,15450.0,785.32,0.05083,U,False,,,
2025-08,Government & Institutions,Opex - IT,13890.56,15475.0,-1584.44,-0.102387,F,False,,,
2025-09,Government & Institutions,Opex - IT,15751.47,15500.0,251.47,0.016224,U,False,,,
2025-10,Government & Institutions,Opex - IT,17757.57,15525.0,2232.57,0.143805,U,False,,,
2025-11,Government & Institutions,Opex - IT,15362.09,15550.0,-187.91,-0.012084,F,False,,,
2025-12,Government & Institutions,Opex - IT,16815.64,15575.0,1240.64,0.079656,U,False,,,
2026-01,Government & Institutions,Opex - IT,16073.34,15600.0,473.34,0.030342,U,False,,,
2026-02,Government & Institutions,Opex - IT,15372.4,15625.0,-252.6,-0.016166,F,False,,,
2026-03,Government & Institutions,Opex - IT,15955.62,15650.0,305.62,0.019528,U,False,,,
2026-04,Government & Institutions,Opex - IT,13340.25,15675.0,-2334.75,-0.148947,F,False,,,
2026-05,Government & Institutions,Opex - IT,17661.17,15700.0,1961.17,0.124915,U,False,,,
2026-06,Government & Institutions,Opex - IT,18036.43,15725.0,2311.43,0.146991,U,False,,,
2024-01,Government & Institutions,Opex - Marketing,4408.73,4550.0,-141.27,-0.031048,F,False,,,
2024-02,Government & Institutions,Opex - Marketing,5028.62,4700.0,328.62,0.069919,U,False,,,
2024-03,Government & Institutions,Opex - Marketing,4929.73,4850.0,79.73,0.016439,U,False,,,
2024-04,Government & Institutions,Opex - Marketing,5391.89,5225.0,166.89,0.031941,U,False,,,
2024-05,Government & Institutions,Opex - Marketing,4889.95,5375.0,-485.05,-0.090242,F,False,,,
2024-06,Government & Institutions,Opex - Marketing,3940.69,5300.0,-1359.31,-0.256474,F,False,,,
2024-07,Government & Institutions,Opex - Marketing,5912.69,4775.0,1137.69,0.23826,U,False,,,
2024-08,Government & Institutions,Opex - Marketing,4170.62,4400.0,-229.38,-0.052132,F,False,,,
2024-09,Government & Institutions,Opex - Marketing,5079.68,4925.0,154.68,0.031407,U,False,,,
2024-10,Government & Institutions,Opex - Marketing,4789.27,5300.0,-510.73,-0.096364,F,False,,,
2024-11,Government & Institutions,Opex - Marketing,6021.8,5450.0,571.8,0.104917,U,False,,,
2024-12,Government & Institutions,Opex - Marketing,5511.36,5150.0,361.36,0.070167,U,False,,,
2025-01,Government & Institutions,Opex - Marketing,4390.32,4550.0,-159.68,-0.035095,F,False,,,
2025-02,Government & Institutions,Opex - Marketing,5386.75,4700.0,686.75,0.146117,U,False,,,
2025-03,Government & Institutions,Opex - Marketing,5116.14,4850.0,266.14,0.054874,U,False,,,
2025-04,Government & Institutions,Opex - Marketing,4050.8,5225.0,-1174.2,-0.224727,F,False,,,
2025-05,Government & Institutions,Opex - Marketing,6341.21,5375.0,966.21,0.17976,U,False,,,
2025-06,Government & Institutions,Opex - Marketing,6385.84,5300.0,1085.84,0.204875,U,False,,,
2025-07,Government & Institutions,Opex - Marketing,5371.72,4775.0,596.72,0.124968,U,False,,,
2025-08,Government & Institutions,Opex - Marketing,4155.28,4400.0,-244.72,-0.055618,F,False,,,
2025-09,Government & Institutions,Opex - Marketing,4930.94,4925.0,5.94,0.001206,U,False,,,
2025-10,Government & Institutions,Opex - Marketing,5257.74,5300.0,-42.26,-0.007974,F,False,,,
2025-11,Government & Institutions,Opex - Marketing,4860.08,5450.0,-589.92,-0.108242,F,False,,,
2025-12,Government & Institutions,Opex - Marketing,5086.82,5150.0,-63.18,-0.012268,F,False,,,
2026-01,Government & Institutions,Opex - Marketing,4706.8,4550.0,156.8,0.034462,U,False,,,
2026-02,Government & Institutions,Opex - Marketing,4802.1,4700.0,102.1,0.021723,U,False,,,
2026-03,Government & Institutions,Opex - Marketing,4655.03,4850.0,-194.97,-0.0402,F,False,,,
2026-04,Government & Institutions,Opex - Marketing,4119.05,5225.0,-1105.95,-0.211665,F,False,,,
2026-05,Government & Institutions,Opex - Marketing,5587.81,5375.0,212.81,0.039593,U,False,,,
2026-06,Government & Institutions,Opex - Marketing,6056.57,5300.0,756.57,0.142749,U,False,,,
2024-01,Government & Institutions,Opex - Travel,4797.16,5460.0,-662.84,-0.121399,F,False,,,
2024-02,Government & Institutions,Opex - Travel,4797.16,5640.0,-842.84,-0.14944,F,False,,,
2024-03,Government & Institutions,Opex - Travel,4812.75,5820.0,-1007.25,-0.173067,F,False,,,
2024-04,Government & Institutions,Opex - Travel,6638.21,6270.0,368.21,0.058726,U,False,,,
2024-05,Government & Institutions,Opex - Travel,6438.67,6450.0,-11.33,-0.001757,F,False,,,
2024-06,Government & Institutions,Opex - Travel,6027.55,6360.0,-332.45,-0.052272,F,False,,,
2024-07,Government & Institutions,Opex - Travel,5930.18,5730.0,200.18,0.034935,U,False,,,
2024-08,Government & Institutions,Opex - Travel,5940.91,5280.0,660.91,0.125172,U,False,,,
2024-09,Government & Institutions,Opex - Travel,5658.96,5910.0,-251.04,-0.042477,F,False,,,
2024-10,Government & Institutions,Opex - Travel,4884.25,6360.0,-1475.75,-0.232036,F,False,,,
2024-11,Government & Institutions,Opex - Travel,6502.75,6540.0,-37.25,-0.005696,F,False,,,
2024-12,Government & Institutions,Opex - Travel,6171.57,6180.0,-8.43,-0.001364,F,False,,,
2025-01,Government & Institutions,Opex - Travel,5834.42,5460.0,374.42,0.068575,U,False,,,
2025-02,Government & Institutions,Opex - Travel,5119.49,5640.0,-520.51,-0.092289,F,False,,,
2025-03,Government & Institutions,Opex - Travel,5853.92,5820.0,33.92,0.005828,U,False,,,
2025-04,Government & Institutions,Opex - Travel,5254.34,6270.0,-1015.66,-0.161987,F,False,,,
2025-05,Government & Institutions,Opex - Travel,7050.39,6450.0,600.39,0.093084,U,False,,,
2025-06,Government & Institutions,Opex - Travel,5714.42,6360.0,-645.58,-0.101506,F,False,,,
2025-07,Government & Institutions,Opex - Travel,5983.58,5730.0,253.58,0.044255,U,False,,,
2025-08,Government & Institutions,Opex - Travel,5324.15,5280.0,44.15,0.008362,U,False,,,
2025-09,Government & Institutions,Opex - Travel,6708.22,5910.0,798.22,0.135063,U,False,,,
2025-10,Government & Institutions,Opex - Travel,6327.44,6360.0,-32.56,-0.005119,F,False,,,
2025-11,Government & Institutions,Opex - Travel,6407.29,6540.0,-132.71,-0.020292,F,False,,,
2025-12,Government & Institutions,Opex - Travel,5075.81,6180.0,-1104.19,-0.178672,F,False,,,
2026-01,Government & Institutions,Opex - Travel,4868.3,5460.0,-591.7,-0.10837,F,False,,,
2026-02,Government & Institutions,Opex - Travel,5460.02,5640.0,-179.98,-0.031911,F,False,,,
2026-03,Government & Institutions,Opex - Travel,6001.27,5820.0,181.27,0.031146,U,False,,,
2026-04,Government & Institutions,Opex - Travel,5541.38,6270.0,-728.62,-0.116207,F,False,,,
2026-05,Government & Institutions,Opex - Travel,4726.02,6450.0,-1723.98,-0.267284,F,False,,,
2026-06,Government & Institutions,Opex - Travel,6152.5,6360.0,-207.5,-0.032626,F,False,,,
2024-01,Government & Institutions,Payroll,107124.62,108000.0,-875.38,-0.008105,F,False,,,
2024-02,Government & Institutions,Payroll,109402.09,108266.36,1135.73,0.01049,U,False,,,
2024-03,Government & Institutions,Payroll,109868.89,108533.37,1335.52,0.012305,U,False,,,
2024-04,Government & Institutions,Payroll,106399.28,108801.04,-2401.76,-0.022075,F,False,,,
2024-05,Government & Institutions,Payroll,105378.55,109069.38,-3690.83,-0.033839,F,False,,,
2024-06,Government & Institutions,Payroll,110392.54,109338.37,1054.17,0.009641,U,False,,,
2024-07,Government & Institutions,Payroll,111440.25,109608.03,1832.22,0.016716,U,False,,,
2024-08,Government & Institutions,Payroll,111252.02,109878.35,1373.67,0.012502,U,False,,,
2024-09,Government & Institutions,Payroll,109138.52,110149.34,-1010.82,-0.009177,F,False,,,
2024-10,Government & Institutions,Payroll,108693.1,110421.0,-1727.9,-0.015648,F,False,,,
2024-11,Government & Institutions,Payroll,108411.24,110693.33,-2282.09,-0.020616,F,False,,,
2024-12,Government & Institutions,Payroll,112403.31,110966.33,1436.98,0.01295,U,False,,,
2025-01,Government & Institutions,Payroll,107761.57,111240.0,-3478.43,-0.03127,F,False,,,
2025-02,Government & Institutions,Payroll,108176.41,111514.35,-3337.94,-0.029933,F,False,,,
2025-03,Government & Institutions,Payroll,112790.59,111789.37,1001.22,0.008956,U,False,,,
2025-04,Government & Institutions,Payroll,113873.82,112065.08,1808.74,0.01614,U,False,,,
2025-05,Government & Institutions,Payroll,112563.97,112341.46,222.51,0.001981,U,False,,,
2025-06,Government & Institutions,Payroll,111944.47,112618.52,-674.05,-0.005985,F,False,,,
2025-07,Government & Institutions,Payroll,114340.5,112896.27,1444.23,0.012793,U,False,,,
2025-08,Government & Institutions,Payroll,109137.51,113174.7,-4037.19,-0.035672,F,False,,,
2025-09,Government & Institutions,Payroll,114032.92,113453.82,579.1,0.005104,U,False,,,
2025-10,Government & Institutions,Payroll,110770.52,113733.63,-2963.11,-0.026053,F,False,,,
2025-11,Government & Institutions,Payroll,114114.94,114014.13,100.81,0.000884,U,False,,,
2025-12,Government & Institutions,Payroll,115189.71,114295.32,894.39,0.007825,U,False,,,
2026-01,Government & Institutions,Payroll,112640.74,114577.2,-1936.46,-0.016901,F,False,,,
2026-02,Government & Institutions,Payroll,112001.59,114859.78,-2858.19,-0.024884,F,False,,,
2026-03,Government & Institutions,Payroll,113696.7,115143.05,-1446.35,-0.012561,F,False,,,
2026-04,Government & Institutions,Payroll,118746.19,115427.03,3319.16,0.028755,U,False,,,
2026-05,Government & Institutions,Payroll,118521.62,115711.7,2809.92,0.024284,U,False,,,
2026-06,Government & Institutions,Payroll,113922.25,115997.08,-2074.83,-0.017887,F,False,,,
2024-01,Government & Institutions,Revenue,630319.0,583333.33,46985.67,0.080547,F,False,,,
2024-02,Government & Institutions,Revenue,631614.73,668849.16,-37234.43,-0.055669,U,False,,,
2024-03,Government & Institutions,Revenue,742185.99,754918.65,-12732.66,-0.016866,U,False,,,
2024-04,Government & Institutions,Revenue,959348.17,967776.18,-8428.01,-0.008709,U,False,,,
2024-05,Government & Institutions,Revenue,1119357.44,1055374.38,63983.06,0.060626,F,False,,,
2024-06,Government & Institutions,Revenue,929788.48,1016476.22,-86687.74,-0.085283,U,False,,,
2024-07,Government & Institutions,Revenue,696577.33,722361.1,-25783.77,-0.035694,U,False,,,
2024-08,Government & Institutions,Revenue,507301.46,511571.24,-4269.78,-0.008346,U,False,,,
2024-09,Government & Institutions,Revenue,844771.32,812639.48,32131.84,0.03954,F,False,,,
2024-10,Government & Institutions,Revenue,913902.53,1029852.45,-115949.92,-0.112589,U,False,single,,"Two institutional clients pushed their October milestone invoicing into November after a budget-cycle approval delay on their side. Timing only. (FP&A Analyst, 2024-11-08)"
2024-11,Government & Institutions,Revenue,1181614.48,1119325.91,62288.57,0.055648,F,False,,,
2024-12,Government & Institutions,Revenue,976759.84,950222.55,26537.29,0.027927,F,False,,,
2025-01,Government & Institutions,Revenue,600275.74,606666.67,-6390.93,-0.010534,U,False,,,
2025-02,Government & Institutions,Revenue,734835.8,695603.13,39232.67,0.056401,F,False,,,
2025-03,Government & Institutions,Revenue,740357.5,785115.39,-44757.89,-0.057008,U,False,,,
2025-04,Government & Institutions,Revenue,1014444.47,1006487.23,7957.24,0.007906,F,False,,,
2025-05,Government & Institutions,Revenue,1041578.11,1097589.35,-56011.24,-0.051031,U,False,,,
2025-06,Government & Institutions,Revenue,1009927.28,1057135.27,-47207.99,-0.044657,U,False,,,
2025-07,Government & Institutions,Revenue,716665.84,751255.54,-34589.7,-0.046043,U,False,,,
2025-08,Government & Institutions,Revenue,548976.88,532034.09,16942.79,0.031845,F,False,,,
2025-09,Government & Institutions,Revenue,918207.66,845145.06,73062.6,0.08645,F,False,,,
2025-10,Government & Institutions,Revenue,1092306.35,1071046.54,21259.81,0.01985,F,False,,,
2025-11,Government & Institutions,Revenue,1164765.12,1164098.94,666.18,0.000572,F,False,,,
2025-12,Government & Institutions,Revenue,926451.4,988231.45,-61780.05,-0.062516,U,False,,,
2026-01,Government & Institutions,Revenue,663295.07,630933.33,32361.74,0.051292,F,False,,,
2026-02,Government & Institutions,Revenue,763215.01,723427.25,39787.76,0.054999,F,False,,,
2026-03,Government & Institutions,Revenue,826844.28,816520.01,10324.27,0.012644,F,False,,,
2026-04,Government & Institutions,Revenue,987112.04,1046746.72,-59634.68,-0.056971,U,False,,,
2026-05,Government & Institutions,Revenue,1143257.52,1141492.93,1764.59,0.001546,F,False,,,
2026-06,Government & Institutions,Revenue,1078542.33,1099421.0,-20878.67,-0.018991,U,False,,,
