month,business_unit,line_item,actual,budget,variance_eur,variance_pct,direction,suspected_data_error,materiality,evidence_notes,analyst_comment
2024-01,Brand Events,Bonuses and profit sharing,51415.91,48675.0,2740.91,0.05631,U,False,,,
2024-02,Brand Events,Bonuses and profit sharing,50758.65,48795.05,1963.6,0.040242,U,False,,,
2024-03,Brand Events,Bonuses and profit sharing,52902.36,48915.39,3986.97,0.081507,U,False,,,
2024-04,Brand Events,Bonuses and profit sharing,47838.28,49036.03,-1197.75,-0.024426,F,False,,,
2024-05,Brand Events,Bonuses and profit sharing,53063.48,49156.96,3906.52,0.07947,U,False,,,
2024-06,Brand Events,Bonuses and profit sharing,46340.49,49278.2,-2937.71,-0.059615,F,False,,,
2024-07,Brand Events,Bonuses and profit sharing,50300.46,49399.73,900.73,0.018234,U,False,,,
2024-08,Brand Events,Bonuses and profit sharing,43976.92,49521.56,-5544.64,-0.111964,F,False,,,
2024-09,Brand Events,Bonuses and profit sharing,54383.97,49643.7,4740.27,0.095486,U,False,,,
2024-10,Brand Events,Bonuses and profit sharing,50634.55,49766.13,868.42,0.01745,U,False,,,
2024-11,Brand Events,Bonuses and profit sharing,46583.59,49888.87,-3305.28,-0.066253,F,False,,,
2024-12,Brand Events,Bonuses and profit sharing,53881.42,50011.91,3869.51,0.077372,U,False,,,
2025-01,Brand Events,Bonuses and profit sharing,47960.69,50135.25,-2174.56,-0.043374,F,False,,,
2025-02,Brand Events,Bonuses and profit sharing,51190.43,50258.9,931.53,0.018535,U,False,,,
2025-03,Brand Events,Bonuses and profit sharing,46133.57,50382.85,-4249.28,-0.08434,F,False,,,
2025-04,Brand Events,Bonuses and profit sharing,46794.7,50507.11,-3712.41,-0.073503,F,False,,,
2025-05,Brand Events,Bonuses and profit sharing,53346.8,50631.67,2715.13,0.053625,U,False,,,
2025-06,Brand Events,Bonuses and profit sharing,57344.75,50756.54,6588.21,0.1298,U,False,,,
2025-07,Brand Events,Bonuses and profit sharing,50489.1,50881.72,-392.62,-0.007716,F,False,,,
2025-08,Brand Events,Bonuses and profit sharing,52581.2,51007.21,1573.99,0.030858,U,False,,,
2025-09,Brand Events,Bonuses and profit sharing,49029.73,51133.01,-2103.28,-0.041134,F,False,,,
2025-10,Brand Events,Bonuses and profit sharing,50981.41,51259.11,-277.7,-0.005418,F,False,,,
2025-11,Brand Events,Bonuses and profit sharing,52776.44,51385.53,1390.91,0.027068,U,False,,,
2025-12,Brand Events,Bonuses and profit sharing,47404.7,51512.26,-4107.56,-0.079739,F,False,,,
2026-01,Brand Events,Bonuses and profit sharing,43754.28,51639.31,-7885.03,-0.152694,F,False,,,
2026-02,Brand Events,Bonuses and profit sharing,48741.46,51766.66,-3025.2,-0.058439,F,False,,,
2026-03,Brand Events,Bonuses and profit sharing,50009.71,51894.33,-1884.62,-0.036316,F,False,,,
2026-04,Brand Events,Bonuses and profit sharing,57436.79,52022.32,5414.47,0.10408,U,False,,,
2026-05,Brand Events,Bonuses and profit sharing,52256.06,52150.62,105.44,0.002022,U,False,,,
2026-06,Brand Events,Bonuses and profit sharing,48181.4,52279.24,-4097.84,-0.078384,F,False,,,
2024-01,Brand Events,Cost of sales,2113746.1,2126250.0,-12503.9,-0.005881,F,False,,,
2024-02,Brand Events,Cost of sales,2398599.67,2437955.19,-39355.52,-0.016143,F,False,,,
2024-03,Brand Events,Cost of sales,2767604.88,2751678.47,15926.41,0.005788,U,False,,,
2024-04,Brand Events,Cost of sales,3490758.54,3527544.18,-36785.64,-0.010428,F,False,,,
2024-05,Brand Events,Cost of sales,3960055.43,3846839.61,113215.82,0.029431,U,False,,,
2024-06,Brand Events,Cost of sales,3905280.84,3705055.84,200225.0,0.054041,U,False,,,
2024-07,Brand Events,Cost of sales,2557210.47,2633006.2,-75795.73,-0.028787,F,False,,,
2024-08,Brand Events,Cost of sales,1881796.54,1864677.16,17119.38,0.009181,U,False,,,
2024-09,Brand Events,Cost of sales,3008665.45,2962070.91,46594.54,0.01573,U,False,,,
2024-10,Brand Events,Cost of sales,3918801.91,3753812.16,164989.75,0.043953,U,False,,,
2024-11,Brand Events,Cost of sales,3733130.07,4079942.93,-346812.86,-0.085004,F,False,single,,"November events were delivered with in-house crew and staging stock instead of the subcontracting assumed in budget; Q4 freight was also renegotiated. Genuine savings, not a timing shift. (FP&A Analyst, 2024-12-10)"
2024-12,Brand Events,Cost of sales,3534695.73,3463561.2,71134.53,0.020538,U,False,,,
2025-01,Brand Events,Cost of sales,2099331.1,2211300.0,-111968.9,-0.050635,F,False,,,
2025-02,Brand Events,Cost of sales,2501628.5,2535473.4,-33844.9,-0.013349,F,False,,,
2025-03,Brand Events,Cost of sales,2866087.29,2861745.61,4341.68,0.001517,U,False,,,
2025-04,Brand Events,Cost of sales,4238746.9,3668645.95,570100.95,0.155398,U,False,episode,"N11, N13",
2025-05,Brand Events,Cost of sales,4485816.95,4000713.2,485103.75,0.121254,U,False,episode,"N11, N13",
2025-06,Brand Events,Cost of sales,4437761.2,3853258.07,584503.13,0.151691,U,False,episode,"N11, N13",
2025-07,Brand Events,Cost of sales,2868808.7,2738326.45,130482.25,0.04765,U,False,,,
2025-08,Brand Events,Cost of sales,1861305.02,1939264.25,-77959.23,-0.0402,F,False,,,
2025-09,Brand Events,Cost of sales,3082154.51,3080553.75,1600.76,0.00052,U,False,,,
2025-10,Brand Events,Cost of sales,3959127.59,3903964.65,55162.94,0.01413,U,False,,,
2025-11,Brand Events,Cost of sales,4381358.35,4243140.65,138217.7,0.032574,U,False,,,
2025-12,Brand Events,Cost of sales,3619265.76,3602103.65,17162.11,0.004764,U,False,,,
2026-01,Brand Events,Cost of sales,2279880.39,2299752.0,-19871.61,-0.008641,F,False,,,
2026-02,Brand Events,Cost of sales,2743643.63,2636892.33,106751.3,0.040484,U,False,,,
2026-03,Brand Events,Cost of sales,2979563.11,2976215.43,3347.68,0.001125,U,False,,,
2026-04,Brand Events,Cost of sales,4272725.09,3815391.79,457333.3,0.119865,U,False,single,,"An unplanned client project was won in late March and delivered inside April; external production was booked at short-notice premium rates. Together with the matching revenue line the net margin impact is slightly negative. Change-order discipline flagged to the project director. (FP&A Analyst, 2026-05-12)"
2026-05,Brand Events,Cost of sales,4260684.31,4160741.72,99942.59,0.02402,U,False,,,
2026-06,Brand Events,Cost of sales,3966806.82,4007388.39,-40581.57,-0.010127,F,False,,,
2024-01,Brand Events,Depreciation,10950.02,11000.0,-49.98,-0.004544,F,False,,,
2024-02,Brand Events,Depreciation,11038.84,11027.5,11.34,0.001028,U,False,,,
2024-03,Brand Events,Depreciation,11048.27,11055.0,-6.73,-0.000609,F,False,,,
2024-04,Brand Events,Depreciation,11083.97,11082.5,1.47,0.000133,U,False,,,
2024-05,Brand Events,Depreciation,11090.34,11110.0,-19.66,-0.00177,F,False,,,
2024-06,Brand Events,Depreciation,11157.89,11137.5,20.39,0.001831,U,False,,,
2024-07,Brand Events,Depreciation,11168.91,11165.0,3.91,0.00035,U,False,,,
2024-08,Brand Events,Depreciation,11214.68,11192.5,22.18,0.001982,U,False,,,
2024-09,Brand Events,Depreciation,11125.79,11220.0,-94.21,-0.008397,F,False,,,
2024-10,Brand Events,Depreciation,11272.3,11247.5,24.8,0.002205,U,False,,,
2024-11,Brand Events,Depreciation,11224.4,11275.0,-50.6,-0.004488,F,False,,,
2024-12,Brand Events,Depreciation,11329.13,11302.5,26.63,0.002356,U,False,,,
2025-01,Brand Events,Depreciation,11366.29,11330.0,36.29,0.003203,U,False,,,
2025-02,Brand Events,Depreciation,11289.68,11357.5,-67.82,-0.005971,F,False,,,
2025-03,Brand Events,Depreciation,11388.81,11385.0,3.81,0.000335,U,False,,,
2025-04,Brand Events,Depreciation,11406.78,11412.5,-5.72,-0.000501,F,False,,,
2025-05,Brand Events,Depreciation,11441.42,11440.0,1.42,0.000124,U,False,,,
2025-06,Brand Events,Depreciation,11467.17,11467.5,-0.33,-2.9e-05,F,False,,,
2025-07,Brand Events,Depreciation,11475.79,11495.0,-19.21,-0.001671,F,False,,,
2025-08,Brand Events,Depreciation,11495.09,11522.5,-27.41,-0.002379,F,False,,,
2025-09,Brand Events,Depreciation,11495.04,11550.0,-54.96,-0.004758,F,False,,,
2025-10,Brand Events,Depreciation,11519.03,11577.5,-58.47,-0.00505,F,False,,,
2025-11,Brand Events,Depreciation,11565.04,11605.0,-39.96,-0.003443,F,False,,,
2025-12,Brand Events,Depreciation,11599.8,11632.5,-32.7,-0.002811,F,False,,,
2026-01,Brand Events,Depreciation,11705.96,11660.0,45.96,0.003942,U,False,,,
2026-02,Brand Events,Depreciation,11745.18,11687.5,57.68,0.004935,U,False,,,
2026-03,Brand Events,Depreciation,11682.79,11715.0,-32.21,-0.002749,F,False,,,
2026-04,Brand Events,Depreciation,11713.41,11742.5,-29.09,-0.002477,F,False,,,
2026-05,Brand Events,Depreciation,11733.29,11770.0,-36.71,-0.003119,F,False,,,
2026-06,Brand Events,Depreciation,11751.01,11797.5,-46.49,-0.003941,F,False,,,
2024-01,Brand Events,Net billings,2664994.12,2625000.0,39994.12,0.015236,F,False,,,
2024-02,Brand Events,Net billings,2962229.54,3009821.22,-47591.68,-0.015812,U,False,,,
2024-03,Brand Events,Net billings,3476543.51,3397133.91,79409.6,0.023375,F,False,,,
2024-04,Brand Events,Net billings,4206720.65,4354992.82,-148272.17,-0.034046,U,False,,,
2024-05,Brand Events,Net billings,4847191.88,4749184.71,98007.17,0.020637,F,False,,,
2024-06,Brand Events,Net billings,4832347.04,4574143.01,258204.03,0.056449,F,False,,,
2024-07,Brand Events,Net billings,3142458.82,3250624.94,-108166.12,-0.033275,U,False,,,
2024-08,Brand Events,Net billings,2309849.16,2302070.57,7778.59,0.003379,F,False,,,
2024-09,Brand Events,Net billings,3606569.59,3656877.67,-50308.08,-0.013757,U,False,,,
2024-10,Brand Events,Net billings,4770173.57,4634336.0,135837.57,0.029311,F,False,,,
2024-11,Brand Events,Net billings,4715687.11,5036966.58,-321279.47,-0.063784,U,False,,,
2024-12,Brand Events,Net billings,4309897.28,4276001.48,33895.8,0.007927,F,False,,,
2025-01,Brand Events,Net billings,2566767.89,2730000.0,-163232.11,-0.059792,U,False,,,
2025-02,Brand Events,Net billings,3114800.04,3130214.07,-15414.03,-0.004924,U,False,,,
2025-03,Brand Events,Net billings,3603639.77,3533019.27,70620.5,0.019989,F,False,,,
2025-04,Brand Events,Net billings,4482669.22,4529192.53,-46523.31,-0.010272,U,False,,,
2025-05,Brand Events,Net billings,4792422.24,4939152.09,-146729.85,-0.029707,U,False,,,
2025-06,Brand Events,Net billings,4700176.69,4757108.73,-56932.04,-0.011968,U,False,,,
2025-07,Brand Events,Net billings,3627995.68,3380649.94,247345.74,0.073165,F,False,single,,"A client brought part of its September roadshow forward into July. Timing between months rather than new business; the September shortfall stayed within tolerance. (FP&A Analyst, 2025-08-11)"
2025-08,Brand Events,Net billings,2367551.63,2394153.39,-26601.76,-0.011111,U,False,,,
2025-09,Brand Events,Net billings,3881955.9,3803152.78,78803.12,0.02072,F,False,,,
2025-10,Brand Events,Net billings,4785780.89,4819709.0,-33928.11,-0.007039,U,False,,,
2025-11,Brand Events,Net billings,52243583.97,5238445.24,47005138.73,8.973109,F,True,,,
2025-12,Brand Events,Net billings,4285786.02,4447041.54,-161255.52,-0.036261,U,False,,,
2026-01,Brand Events,Net billings,2816963.68,2839200.0,-22236.32,-0.007832,U,False,,,
2026-02,Brand Events,Net billings,3283514.96,3255422.63,28092.33,0.008629,F,False,,,
2026-03,Brand Events,Net billings,3598845.72,3674340.04,-75494.32,-0.020546,U,False,,,
2026-04,Brand Events,Net billings,5099183.49,4710360.23,388823.26,0.082546,F,False,single,,"Unbudgeted revenue from the same late-won April project; see the matching COGS variance. Recognized on delivery. (FP&A Analyst, 2026-05-12)"
2026-05,Brand Events,Net billings,5301947.6,5136718.18,165229.42,0.032166,F,False,,,
2026-06,Brand Events,Net billings,5106683.99,4947393.08,159290.91,0.032197,F,False,,,
2024-01,Brand Events,Opex - Facilities,44585.33,44500.0,85.33,0.001918,U,False,,,
2024-02,Brand Events,Opex - Facilities,45309.0,44555.62,753.38,0.016909,U,False,,,
2024-03,Brand Events,Opex - Facilities,44487.55,44611.25,-123.7,-0.002773,F,False,,,
2024-04,Brand Events,Opex - Facilities,44911.72,44666.88,244.84,0.005481,U,False,,,
2024-05,Brand Events,Opex - Facilities,45135.72,44722.5,413.22,0.00924,U,False,,,
2024-06,Brand Events,Opex - Facilities,45142.95,44778.13,364.82,0.008147,U,False,,,
2024-07,Brand Events,Opex - Facilities,45290.32,44833.75,456.57,0.010184,U,False,,,
2024-08,Brand Events,Opex - Facilities,44459.19,44889.38,-430.19,-0.009583,F,False,,,
2024-09,Brand Events,Opex - Facilities,45054.72,44945.0,109.72,0.002441,U,False,,,
2024-10,Brand Events,Opex - Facilities,44871.49,45000.62,-129.13,-0.00287,F,False,,,
2024-11,Brand Events,Opex - Facilities,44767.49,45056.25,-288.76,-0.006409,F,False,,,
2024-12,Brand Events,Opex - Facilities,44853.56,45111.88,-258.32,-0.005726,F,False,,,
2025-01,Brand Events,Opex - Facilities,45618.31,45167.5,450.81,0.009981,U,False,,,
2025-02,Brand Events,Opex - Facilities,44546.65,45223.13,-676.48,-0.014959,F,False,,,
2025-03,Brand Events,Opex - Facilities,44644.65,45278.75,-634.1,-0.014004,F,False,,,
2025-04,Brand Events,Opex - Facilities,45496.04,45334.38,161.66,0.003566,U,False,,,
2025-05,Brand Events,Opex - Facilities,46480.57,45390.0,1090.57,0.024027,U,False,,,
2025-06,Brand Events,Opex - Facilities,45688.9,45445.62,243.28,0.005353,U,False,,,
2025-07,Brand Events,Opex - Facilities,45934.75,45501.25,433.5,0.009527,U,False,,,
2025-08,Brand Events,Opex - Facilities,47548.07,45556.88,1991.19,0.043708,U,False,,,
2025-09,Brand Events,Opex - Facilities,45193.71,45612.5,-418.79,-0.009181,F,False,,,
2025-10,Brand Events,Opex - Facilities,45334.99,45668.13,-333.14,-0.007295,F,False,,,
2025-11,Brand Events,Opex - Facilities,45061.82,45723.75,-661.93,-0.014477,F,False,,,
2025-12,Brand Events,Opex - Facilities,46043.72,45779.38,264.34,0.005774,U,False,,,
2026-01,Brand Events,Opex - Facilities,44956.39,45835.0,-878.61,-0.019169,F,False,,,
2026-02,Brand Events,Opex - Facilities,46041.64,45890.62,151.02,0.003291,U,False,,,
2026-03,Brand Events,Opex - Facilities,45003.32,45946.25,-942.93,-0.020522,F,False,,,
2026-04,Brand Events,Opex - Facilities,45384.49,46001.88,-617.39,-0.013421,F,False,,,
2026-05,Brand Events,Opex - Facilities,46120.08,46057.5,62.58,0.001359,U,False,,,
2026-06,Brand Events,Opex - Facilities,45882.01,46113.12,-231.11,-0.005012,F,False,,,
2024-01,Brand Events,Opex - G&A,36133.42,37000.0,-866.58,-0.023421,F,False,,,
2024-02,Brand Events,Opex - G&A,37086.36,37061.67,24.69,0.000666,U,False,,,
2024-03,Brand Events,Opex - G&A,38523.92,37123.33,1400.59,0.037728,U,False,,,
2024-04,Brand Events,Opex - G&A,35997.12,37185.0,-1187.88,-0.031945,F,False,,,
2024-05,Brand Events,Opex - G&A,36711.11,37246.67,-535.56,-0.014379,F,False,,,
2024-06,Brand Events,Opex - G&A,34968.48,37308.33,-2339.85,-0.062717,F,False,,,
2024-07,Brand Events,Opex - G&A,38837.48,37370.0,1467.48,0.039269,U,False,,,
2024-08,Brand Events,Opex - G&A,38263.0,37431.67,831.33,0.022209,U,False,,,
2024-09,Brand Events,Opex - G&A,35657.64,37493.33,-1835.69,-0.04896,F,False,,,
2024-10,Brand Events,Opex - G&A,38062.55,37555.0,507.55,0.013515,U,False,,,
2024-11,Brand Events,Opex - G&A,38884.75,37616.67,1268.08,0.033711,U,False,,,
2024-12,Brand Events,Opex - G&A,37945.96,37678.33,267.63,0.007103,U,False,,,
2025-01,Brand Events,Opex - G&A,36935.59,37740.0,-804.41,-0.021315,F,False,,,
2025-02,Brand Events,Opex - G&A,37666.4,37801.67,-135.27,-0.003578,F,False,,,
2025-03,Brand Events,Opex - G&A,38216.16,37863.33,352.83,0.009319,U,False,,,
2025-04,Brand Events,Opex - G&A,37100.97,37925.0,-824.03,-0.021728,F,False,,,
2025-05,Brand Events,Opex - G&A,38459.37,37986.67,472.7,0.012444,U,False,,,
2025-06,Brand Events,Opex - G&A,35985.31,38048.33,-2063.02,-0.054221,F,False,,,
2025-07,Brand Events,Opex - G&A,40296.96,38110.0,2186.96,0.057385,U,False,,,
2025-08,Brand Events,Opex - G&A,33937.82,38171.67,-4233.85,-0.110916,F,False,,,
2025-09,Brand Events,Opex - G&A,38780.47,38233.33,547.14,0.014311,U,False,,,
2025-10,Brand Events,Opex - G&A,41141.6,38295.0,2846.6,0.074333,U,False,,,
2025-11,Brand Events,Opex - G&A,40734.8,38356.67,2378.13,0.062,U,False,,,
2025-12,Brand Events,Opex - G&A,39084.61,38418.33,666.28,0.017343,U,False,,,
2026-01,Brand Events,Opex - G&A,37679.06,38480.0,-800.94,-0.020814,F,False,,,
2026-02,Brand Events,Opex - G&A,40163.39,38541.67,1621.72,0.042077,U,False,,,
2026-03,Brand Events,Opex - G&A,40576.83,38603.33,1973.5,0.051123,U,False,,,
2026-04,Brand Events,Opex - G&A,38954.0,38665.0,289.0,0.007474,U,False,,,
2026-05,Brand Events,Opex - G&A,38592.53,38726.67,-134.14,-0.003464,F,False,,,
2026-06,Brand Events,Opex - G&A,36332.45,38788.33,-2455.88,-0.063315,F,False,,,
2024-01,Brand Events,Opex - IT,32249.72,36000.0,-3750.28,-0.104174,F,False,,,
2024-02,Brand Events,Opex - IT,36250.49,36060.0,190.49,0.005283,U,False,,,
2024-03,Brand Events,Opex - IT,35975.73,36120.0,-144.27,-0.003994,F,False,,,
2024-04,Brand Events,Opex - IT,37720.72,36180.0,1540.72,0.042585,U,False,,,
2024-05,Brand Events,Opex - IT,33880.71,36240.0,-2359.29,-0.065102,F,False,,,
2024-06,Brand Events,Opex - IT,38458.41,36300.0,2158.41,0.05946,U,False,,,
2024-07,Brand Events,Opex - IT,37010.39,36360.0,650.39,0.017888,U,False,,,
2024-08,Brand Events,Opex - IT,35049.52,36420.0,-1370.48,-0.03763,F,False,,,
2024-09,Brand Events,Opex - IT,35502.67,36480.0,-977.33,-0.026791,F,False,,,
2024-10,Brand Events,Opex - IT,39048.04,36540.0,2508.04,0.068638,U,False,,,
2024-11,Brand Events,Opex - IT,38621.74,36600.0,2021.74,0.055239,U,False,,,
2024-12,Brand Events,Opex - IT,35595.24,36660.0,-1064.76,-0.029044,F,False,,,
2025-01,Brand Events,Opex - IT,38031.73,36720.0,1311.73,0.035722,U,False,,,
2025-02,Brand Events,Opex - IT,32888.09,36780.0,-3891.91,-0.105816,F,False,,,
2025-03,Brand Events,Opex - IT,39013.61,36840.0,2173.61,0.059001,U,False,,,
2025-04,Brand Events,Opex - IT,38182.42,36900.0,1282.42,0.034754,U,False,,,
2025-05,Brand Events,Opex - IT,37024.61,36960.0,64.61,0.001748,U,False,,,
2025-06,Brand Events,Opex - IT,39493.27,37020.0,2473.27,0.066809,U,False,,,
2025-07,Brand Events,Opex - IT,32996.2,37080.0,-4083.8,-0.110135,F,False,,,
2025-08,Brand Events,Opex - IT,43072.69,37140.0,5932.69,0.159739,U,False,,,
2025-09,Brand Events,Opex - IT,35963.9,37200.0,-1236.1,-0.033228,F,False,,,
2025-10,Brand Events,Opex - IT,32268.11,37260.0,-4991.89,-0.133975,F,False,,,
2025-11,Brand Events,Opex - IT,33782.23,37320.0,-3537.77,-0.094796,F,False,,,
2025-12,Brand Events,Opex - IT,40165.78,37380.0,2785.78,0.074526,U,False,,,
2026-01,Brand Events,Opex - IT,33769.07,37440.0,-3670.93,-0.098048,F,False,,,
2026-02,Brand Events,Opex - IT,41418.01,37500.0,3918.01,0.10448,U,False,,,
2026-03,Brand Events,Opex - IT,33880.72,37560.0,-3679.28,-0.097957,F,False,,,
2026-04,Brand Events,Opex - IT,34288.24,37620.0,-3331.76,-0.088564,F,False,,,
2026-05,Brand Events,Opex - IT,41922.71,37680.0,4242.71,0.112598,U,False,,,
2026-06,Brand Events,Opex - IT,35088.68,37740.0,-2651.32,-0.070252,F,False,,,
2024-01,Brand Events,Opex - Marketing,14649.12,18200.0,-3550.88,-0.195103,F,False,,,
2024-02,Brand Events,Opex - Marketing,20262.25,18800.0,1462.25,0.077779,U,False,,,
2024-03,Brand Events,Opex - Marketing,21104.19,19400.0,1704.19,0.087845,U,False,,,
2024-04,Brand Events,Opex - Marketing,20751.44,20900.0,-148.56,-0.007108,F,False,,,
2024-05,Brand Events,Opex - Marketing,20398.68,21500.0,-1101.32,-0.051224,F,False,,,
2024-06,Brand Events,Opex - Marketing,22579.26,21200.0,1379.26,0.065059,U,False,,,
2024-07,Brand Events,Opex - Marketing,20764.43,19100.0,1664.43,0.087143,U,False,,,
2024-08,Brand Events,Opex - Marketing,17037.38,17600.0,-562.62,-0.031967,F,False,,,
2024-09,Brand Events,Opex - Marketing,16384.75,19700.0,-3315.25,-0.168287,F,False,,,
2024-10,Brand Events,Opex - Marketing,20219.81,21200.0,-980.19,-0.046235,F,False,,,
2024-11,Brand Events,Opex - Marketing,22110.49,21800.0,310.49,0.014243,U,False,,,
2024-12,Brand Events,Opex - Marketing,19236.43,20600.0,-1363.57,-0.066193,F,False,,,
2025-01,Brand Events,Opex - Marketing,19074.96,18200.0,874.96,0.048075,U,False,,,
2025-02,Brand Events,Opex - Marketing,16079.43,18800.0,-2720.57,-0.144711,F,False,,,
2025-03,Brand Events,Opex - Marketing,18708.85,19400.0,-691.15,-0.035626,F,False,,,
2025-04,Brand Events,Opex - Marketing,17289.9,20900.0,-3610.1,-0.172732,F,False,,,
2025-05,Brand Events,Opex - Marketing,22000.25,21500.0,500.25,0.023267,U,False,,,
2025-06,Brand Events,Opex - Marketing,24081.48,21200.0,2881.48,0.135919,U,False,,,
2025-07,Brand Events,Opex - Marketing,18355.46,19100.0,-744.54,-0.038981,F,False,,,
2025-08,Brand Events,Opex - Marketing,19075.1,17600.0,1475.1,0.083812,U,False,,,
2025-09,Brand Events,Opex - Marketing,18098.51,19700.0,-1601.49,-0.081294,F,False,,,
2025-10,Brand Events,Opex - Marketing,19004.41,21200.0,-2195.59,-0.103566,F,False,,,
2025-11,Brand Events,Opex - Marketing,20711.54,21800.0,-1088.46,-0.049929,F,False,,,
2025-12,Brand Events,Opex - Marketing,18739.97,20600.0,-1860.03,-0.090293,F,False,,,
2026-01,Brand Events,Opex - Marketing,17371.93,18200.0,-828.07,-0.045498,F,False,,,
2026-02,Brand Events,Opex - Marketing,19337.35,18800.0,537.35,0.028582,U,False,,,
2026-03,Brand Events,Opex - Marketing,19755.47,19400.0,355.47,0.018323,U,False,,,
2026-04,Brand Events,Opex - Marketing,23954.42,20900.0,3054.42,0.146144,U,False,,,
2026-05,Brand Events,Opex - Marketing,22225.79,21500.0,725.79,0.033758,U,False,,,
2026-06,Brand Events,Opex - Marketing,18616.12,21200.0,-2583.88,-0.121881,F,False,,,
2024-01,Brand Events,Opex - Travel,8960.32,8190.0,770.32,0.094056,U,False,,,
2024-02,Brand Events,Opex - Travel,9203.97,8460.0,743.97,0.08794,U,False,,,
2024-03,Brand Events,Opex - Travel,7892.9,8730.0,-837.1,-0.095888,F,False,,,
2024-04,Brand Events,Opex - Travel,9002.16,9405.0,-402.84,-0.042833,F,False,,,
2024-05,Brand Events,Opex - Travel,9281.79,9675.0,-393.21,-0.040642,F,False,,,
2024-06,Brand Events,Opex - Travel,8753.44,9540.0,-786.56,-0.082449,F,False,,,
2024-07,Brand Events,Opex - Travel,8782.96,8595.0,187.96,0.021869,U,False,,,
2024-08,Brand Events,Opex - Travel,6765.93,7920.0,-1154.07,-0.145716,F,False,,,
2024-09,Brand Events,Opex - Travel,9723.38,8865.0,858.38,0.096828,U,False,,,
2024-10,Brand Events,Opex - Travel,9207.32,9540.0,-332.68,-0.034872,F,False,,,
2024-11,Brand Events,Opex - Travel,10297.71,9810.0,487.71,0.049716,U,False,,,
2024-12,Brand Events,Opex - Travel,9693.43,9270.0,423.43,0.045677,U,False,,,
2025-01,Brand Events,Opex - Travel,8200.23,8190.0,10.23,0.001249,U,False,,,
2025-02,Brand Events,Opex - Travel,9032.23,8460.0,572.23,0.067639,U,False,,,
2025-03,Brand Events,Opex - Travel,9864.23,8730.0,1134.23,0.129923,U,False,,,
2025-04,Brand Events,Opex - Travel,10195.31,9405.0,790.31,0.084031,U,False,,,
2025-05,Brand Events,Opex - Travel,9162.72,9675.0,-512.28,-0.052949,F,False,,,
2025-06,Brand Events,Opex - Travel,9749.88,9540.0,209.88,0.022,U,False,,,
2025-07,Brand Events,Opex - Travel,7798.61,8595.0,-796.39,-0.092657,F,False,,,
2025-08,Brand Events,Opex - Travel,8168.3,7920.0,248.3,0.031351,U,False,,,
2025-09,Brand Events,Opex - Travel,9102.33,8865.0,237.33,0.026772,U,False,,,
2025-10,Brand Events,Opex - Travel,9388.66,9540.0,-151.34,-0.015864,F,False,,,
2025-11,Brand Events,Opex - Travel,10774.07,9810.0,964.07,0.098274,U,False,,,
2025-12,Brand Events,Opex - Travel,10047.28,9270.0,777.28,0.083849,U,False,,,
2026-01,Brand Events,Opex - Travel,8555.33,8190.0,365.33,0.044607,U,False,,,
2026-02,Brand Events,Opex - Travel,8359.63,8460.0,-100.37,-0.011864,F,False,,,
2026-03,Brand Events,Opex - Travel,10070.71,8730.0,1340.71,0.153575,U,False,,,
2026-04,Brand Events,Opex - Travel,9044.61,9405.0,-360.39,-0.038319,F,False,,,
2026-05,Brand Events,Opex - Travel,9516.87,9675.0,-158.13,-0.016344,F,False,,,
2026-06,Brand Events,Opex - Travel,8735.56,9540.0,-804.44,-0.084323,F,False,,,
2024-01,Brand Events,Payroll,274475.36,270416.67,4058.69,0.015009,U,False,,,
2024-02,Brand Events,Payroll,266458.66,271083.59,-4624.93,-0.017061,F,False,,,
2024-03,Brand Events,Payroll,273756.33,271752.15,2004.18,0.007375,U,False,,,
2024-04,Brand Events,Payroll,271580.42,272422.37,-841.95,-0.003091,F,False,,,
2024-05,Brand Events,Payroll,284791.67,273094.23,11697.44,0.042833,U,False,,,
2024-06,Brand Events,Payroll,269167.6,273767.76,-4600.16,-0.016803,F,False,,,
2024-07,Brand Events,Payroll,275083.41,274442.94,640.47,0.002334,U,False,,,
2024-08,Brand Events,Payroll,278593.39,275119.79,3473.6,0.012626,U,False,,,
2024-09,Brand Events,Payroll,271022.42,275798.31,-4775.89,-0.017317,F,False,,,
2024-10,Brand Events,Payroll,280865.37,276478.51,4386.86,0.015867,U,False,,,
2024-11,Brand Events,Payroll,272063.66,277160.38,-5096.72,-0.018389,F,False,,,
2024-12,Brand Events,Payroll,276124.93,277843.93,-1719.0,-0.006187,F,False,,,
2025-01,Brand Events,Payroll,275914.32,278529.17,-2614.85,-0.009388,F,False,,,
2025-02,Brand Events,Payroll,278770.92,279216.09,-445.17,-0.001594,F,False,,,
2025-03,Brand Events,Payroll,277787.73,279904.72,-2116.99,-0.007563,F,False,,,
2025-04,Brand Events,Payroll,278692.42,280595.04,-1902.62,-0.006781,F,False,,,
2025-05,Brand Events,Payroll,281692.84,281287.06,405.78,0.001443,U,False,,,
2025-06,Brand Events,Payroll,282991.84,281980.79,1011.05,0.003586,U,False,,,
2025-07,Brand Events,Payroll,279059.38,282676.23,-3616.85,-0.012795,F,False,,,
2025-08,Brand Events,Payroll,277617.63,283373.39,-5755.76,-0.020312,F,False,,,
2025-09,Brand Events,Payroll,271959.16,284072.26,-12113.1,-0.042641,F,False,,,
2025-10,Brand Events,Payroll,285667.32,284772.86,894.46,0.003141,U,False,,,
2025-11,Brand Events,Payroll,286218.99,285475.19,743.8,0.002605,U,False,,,
2025-12,Brand Events,Payroll,281477.97,286179.25,-4701.28,-0.016428,F,False,,,
2026-01,Brand Events,Payroll,283128.07,286885.04,-3756.97,-0.013096,F,False,,,
2026-02,Brand Events,Payroll,288512.83,287592.58,920.25,0.0032,U,False,,,
2026-03,Brand Events,Payroll,290774.08,288301.86,2472.22,0.008575,U,False,,,
2026-04,Brand Events,Payroll,287975.22,289012.89,-1037.67,-0.00359,F,False,,,
2026-05,Brand Events,Payroll,289695.99,289725.67,-29.68,-0.000102,F,False,,,
2026-06,Brand Events,Payroll,290157.22,290440.21,-282.99,-0.000974,F,False,,,
2024-01,Brand Events,Social charges,126567.03,124391.67,2175.36,0.017488,U,False,,,
2024-02,Brand Events,Social charges,120129.57,124698.45,-4568.88,-0.036639,F,False,,,
2024-03,Brand Events,Social charges,124941.15,125005.99,-64.84,-0.000519,F,False,,,
2024-04,Brand Events,Social charges,124232.57,125314.29,-1081.72,-0.008632,F,False,,,
2024-05,Brand Events,Social charges,130196.96,125623.35,4573.61,0.036407,U,False,,,
2024-06,Brand Events,Social charges,125720.48,125933.17,-212.69,-0.001689,F,False,,,
2024-07,Brand Events,Social charges,123909.07,126243.75,-2334.68,-0.018493,F,False,,,
2024-08,Brand Events,Social charges,128164.85,126555.1,1609.75,0.01272,U,False,,,
2024-09,Brand Events,Social charges,123209.18,126867.22,-3658.04,-0.028834,F,False,,,
2024-10,Brand Events,Social charges,126858.22,127180.11,-321.89,-0.002531,F,False,,,
2024-11,Brand Events,Social charges,124727.08,127493.77,-2766.69,-0.021701,F,False,,,
2024-12,Brand Events,Social charges,125480.76,127808.21,-2327.45,-0.01821,F,False,,,
2025-01,Brand Events,Social charges,127714.91,128123.42,-408.51,-0.003188,F,False,,,
2025-02,Brand Events,Social charges,127443.22,128439.4,-996.18,-0.007756,F,False,,,
2025-03,Brand Events,Social charges,129017.23,128756.17,261.06,0.002028,U,False,,,
2025-04,Brand Events,Social charges,129822.29,129073.72,748.57,0.0058,U,False,,,
2025-05,Brand Events,Social charges,129813.05,129392.0,421.05,0.003254,U,False,,,
2025-06,Brand Events,Social charges,131514.9,129711.16,1803.74,0.013906,U,False,,,
2025-07,Brand Events,Social charges,129342.44,130031.07,-688.63,-0.005296,F,False,,,
2025-08,Brand Events,Social charges,126409.18,130351.76,-3942.58,-0.030246,F,False,,,
2025-09,Brand Events,Social charges,128061.21,130673.24,-2612.03,-0.019989,F,False,,,
2025-10,Brand Events,Social charges,131376.5,130995.52,380.98,0.002908,U,False,,,
2025-11,Brand Events,Social charges,128024.58,131318.59,-3294.01,-0.025084,F,False,,,
2025-12,Brand Events,Social charges,127118.76,131642.45,-4523.69,-0.034363,F,False,,,
2026-01,Brand Events,Social charges,130294.1,131967.12,-1673.02,-0.012678,F,False,,,
2026-02,Brand Events,Social charges,132364.65,132292.59,72.06,0.000545,U,False,,,
2026-03,Brand Events,Social charges,133133.57,132618.85,514.72,0.003881,U,False,,,
2026-04,Brand Events,Social charges,132252.2,132945.93,-693.73,-0.005218,F,False,,,
2026-05,Brand Events,Social charges,130626.0,133273.81,-2647.81,-0.019867,F,False,,,
2026-06,Brand Events,Social charges,134707.67,133602.5,1105.17,0.008272,U,False,,,
2024-01,Corporate Events,Bonuses and profit sharing,25354.4,27900.0,-2545.6,-0.09124,F,False,,,
2024-02,Corporate Events,Bonuses and profit sharing,26305.06,27968.81,-1663.75,-0.059486,F,False,,,
2024-03,Corporate Events,Bonuses and profit sharing,28243.14,28037.79,205.35,0.007324,U,False,,,
2024-04,Corporate Events,Bonuses and profit sharing,28962.86,28106.94,855.92,0.030452,U,False,,,
2024-05,Corporate Events,Bonuses and profit sharing,28881.9,28176.26,705.64,0.025044,U,False,,,
2024-06,Corporate Events,Bonuses and profit sharing,27781.96,28245.75,-463.79,-0.01642,F,False,,,
2024-07,Corporate Events,Bonuses and profit sharing,26694.16,28315.41,-1621.25,-0.057257,F,False,,,
2024-08,Corporate Events,Bonuses and profit sharing,27245.53,28385.24,-1139.71,-0.040152,F,False,,,
2024-09,Corporate Events,Bonuses and profit sharing,29298.27,28455.25,843.02,0.029626,U,False,,,
2024-10,Corporate Events,Bonuses and profit sharing,31714.7,28525.42,3189.28,0.111805,U,False,,,
2024-11,Corporate Events,Bonuses and profit sharing,26926.16,28595.78,-1669.62,-0.058387,F,False,,,
2024-12,Corporate Events,Bonuses and profit sharing,29874.46,28666.3,1208.16,0.042146,U,False,,,
2025-01,Corporate Events,Bonuses and profit sharing,24771.09,28737.0,-3965.91,-0.138007,F,False,,,
2025-02,Corporate Events,Bonuses and profit sharing,32582.04,28807.87,3774.17,0.131012,U,False,,,
2025-03,Corporate Events,Bonuses and profit sharing,30437.77,28878.92,1558.85,0.053979,U,False,,,
2025-04,Corporate Events,Bonuses and profit sharing,28417.2,28950.14,-532.94,-0.018409,F,False,,,
2025-05,Corporate Events,Bonuses and profit sharing,30642.48,29021.54,1620.94,0.055853,U,False,,,
2025-06,Corporate Events,Bonuses and profit sharing,28095.27,29093.12,-997.85,-0.034298,F,False,,,
2025-07,Corporate Events,Bonuses and profit sharing,29333.66,29164.87,168.79,0.005787,U,False,,,
2025-08,Corporate Events,Bonuses and profit sharing,28141.43,29236.8,-1095.37,-0.037465,F,False,,,
2025-09,Corporate Events,Bonuses and profit sharing,31965.01,29308.9,2656.11,0.090625,U,False,,,
2025-10,Corporate Events,Bonuses and profit sharing,30467.51,29381.19,1086.32,0.036973,U,False,,,
2025-11,Corporate Events,Bonuses and profit sharing,28210.33,29453.65,-1243.32,-0.042213,F,False,,,
2025-12,Corporate Events,Bonuses and profit sharing,30367.56,29526.29,841.27,0.028492,U,False,,,
2026-01,Corporate Events,Bonuses and profit sharing,29988.95,29599.11,389.84,0.013171,U,False,,,
2026-02,Corporate Events,Bonuses and profit sharing,33456.94,29672.11,3784.83,0.127555,U,False,,,
2026-03,Corporate Events,Bonuses and profit sharing,30692.3,29745.29,947.01,0.031837,U,False,,,
2026-04,Corporate Events,Bonuses and profit sharing,32176.2,29818.65,2357.55,0.079063,U,False,,,
2026-05,Corporate Events,Bonuses and profit sharing,27985.62,29892.19,-1906.57,-0.063782,F,False,,,
2026-06,Corporate Events,Bonuses and profit sharing,30647.89,29965.91,681.98,0.022759,U,False,,,
2024-01,Corporate Events,Cost of sales,878918.59,863333.33,15585.26,0.018052,U,False,,,
2024-02,Corporate Events,Cost of sales,1052827.62,989896.76,62930.86,0.063573,U,False,,,
2024-03,Corporate Events,Cost of sales,1127457.69,1117279.6,10178.09,0.00911,U,False,,,
2024-04,Corporate Events,Cost of sales,1398778.86,1432308.75,-33529.89,-0.02341,F,False,,,
2024-05,Corporate Events,Cost of sales,1463321.33,1561954.08,-98632.75,-0.063147,F,False,,,
2024-06,Corporate Events,Cost of sales,1376670.34,1504384.81,-127714.47,-0.084895,F,False,,,
2024-07,Corporate Events,Cost of sales,1138576.76,1069094.42,69482.34,0.064992,U,False,,,
2024-08,Corporate Events,Cost of sales,701718.39,757125.43,-55407.04,-0.073181,F,False,,,
2024-09,Corporate Events,Cost of sales,1220580.18,1202706.43,17873.75,0.014861,U,False,,,
2024-10,Corporate Events,Cost of sales,1736681.21,1524181.62,212499.59,0.139419,U,False,single,,"Production costs of the pulled-forward October activation; see the matching revenue variance. (FP&A Analyst, 2024-11-08)"
2024-11,Corporate Events,Cost of sales,1637183.32,1656602.34,-19419.02,-0.011722,F,False,,,
2024-12,Corporate Events,Cost of sales,1401779.32,1406329.38,-4550.06,-0.003235,F,False,,,
2025-01,Corporate Events,Cost of sales,890365.82,897866.67,-7500.85,-0.008354,F,False,,,
2025-02,Corporate Events,Cost of sales,966959.7,1029492.63,-62532.93,-0.060742,F,False,,,
2025-03,Corporate Events,Cost of sales,1237252.93,1161970.78,75282.15,0.064788,U,False,,,
2025-04,Corporate Events,Cost of sales,1469465.61,1489601.1,-20135.49,-0.013517,F,False,,,
2025-05,Corporate Events,Cost of sales,1745386.15,1624432.24,120953.91,0.074459,U,False,,,
2025-06,Corporate Events,Cost of sales,1570078.94,1564560.2,5518.74,0.003527,U,False,,,
2025-07,Corporate Events,Cost of sales,1081252.94,1111858.2,-30605.26,-0.027526,F,False,,,
2025-08,Corporate Events,Cost of sales,829684.66,787410.45,42274.21,0.053688,U,False,,,
2025-09,Corporate Events,Cost of sales,1295420.44,1250814.69,44605.75,0.035661,U,False,,,
2025-10,Corporate Events,Cost of sales,1578835.01,1585148.88,-6313.87,-0.003983,F,False,,,
2025-11,Corporate Events,Cost of sales,1762825.68,1722866.44,39959.24,0.023193,U,False,,,
2025-12,Corporate Events,Cost of sales,1586496.28,1462582.55,123913.73,0.084723,U,False,,,
2026-01,Corporate Events,Cost of sales,999449.0,933781.33,65667.67,0.070324,U,False,,,
2026-02,Corporate Events,Cost of sales,1037199.67,1070672.33,-33472.66,-0.031263,F,False,,,
2026-03,Corporate Events,Cost of sales,1190784.72,1208449.61,-17664.89,-0.014618,F,False,,,
2026-04,Corporate Events,Cost of sales,1489232.72,1549185.14,-59952.42,-0.038699,F,False,,,
2026-05,Corporate Events,Cost of sales,1707343.92,1689409.53,17934.39,0.010616,U,False,,,
2026-06,Corporate Events,Cost of sales,1678496.07,1627142.61,51353.46,0.031561,U,False,,,
2024-01,Corporate Events,Depreciation,5973.66,6000.0,-26.34,-0.00439,F,False,,,
2024-02,Corporate Events,Depreciation,5946.18,6015.0,-68.82,-0.011441,F,False,,,
2024-03,Corporate Events,Depreciation,6086.79,6030.0,56.79,0.009418,U,False,,,
2024-04,Corporate Events,Depreciation,6002.06,6045.0,-42.94,-0.007103,F,False,,,
2024-05,Corporate Events,Depreciation,6077.01,6060.0,17.01,0.002807,U,False,,,
2024-06,Corporate Events,Depreciation,6102.03,6075.0,27.03,0.004449,U,False,,,
2024-07,Corporate Events,Depreciation,6050.32,6090.0,-39.68,-0.006516,F,False,,,
2024-08,Corporate Events,Depreciation,6100.09,6105.0,-4.91,-0.000804,F,False,,,
2024-09,Corporate Events,Depreciation,6161.0,6120.0,41.0,0.006699,U,False,,,
2024-10,Corporate Events,Depreciation,6225.17,6135.0,90.17,0.014698,U,False,,,
2024-11,Corporate Events,Depreciation,6176.38,6150.0,26.38,0.004289,U,False,,,
2024-12,Corporate Events,Depreciation,6128.0,6165.0,-37.0,-0.006002,F,False,,,
2025-01,Corporate Events,Depreciation,6198.54,6180.0,18.54,0.003,U,False,,,
2025-02,Corporate Events,Depreciation,6157.54,6195.0,-37.46,-0.006047,F,False,,,
2025-03,Corporate Events,Depreciation,6226.5,6210.0,16.5,0.002657,U,False,,,
2025-04,Corporate Events,Depreciation,6238.37,6225.0,13.37,0.002148,U,False,,,
2025-05,Corporate Events,Depreciation,6263.81,6240.0,23.81,0.003816,U,False,,,
2025-06,Corporate Events,Depreciation,6303.51,6255.0,48.51,0.007755,U,False,,,
2025-07,Corporate Events,Depreciation,6291.24,6270.0,21.24,0.003388,U,False,,,
2025-08,Corporate Events,Depreciation,6270.53,6285.0,-14.47,-0.002302,F,False,,,
2025-09,Corporate Events,Depreciation,6288.77,6300.0,-11.23,-0.001783,F,False,,,
2025-10,Corporate Events,Depreciation,6283.63,6315.0,-31.37,-0.004968,F,False,,,
2025-11,Corporate Events,Depreciation,6325.64,6330.0,-4.36,-0.000689,F,False,,,
2025-12,Corporate Events,Depreciation,6361.42,6345.0,16.42,0.002588,U,False,,,
2026-01,Corporate Events,Depreciation,6398.11,6360.0,38.11,0.005992,U,False,,,
2026-02,Corporate Events,Depreciation,6418.74,6375.0,43.74,0.006861,U,False,,,
2026-03,Corporate Events,Depreciation,6344.37,6390.0,-45.63,-0.007141,F,False,,,
2026-04,Corporate Events,Depreciation,6392.88,6405.0,-12.12,-0.001892,F,False,,,
2026-05,Corporate Events,Depreciation,6398.75,6420.0,-21.25,-0.00331,F,False,,,
2026-06,Corporate Events,Depreciation,6462.25,6435.0,27.25,0.004235,U,False,,,
2024-01,Corporate Events,Net billings,1220094.31,1166666.67,53427.64,0.045795,F,False,,,
2024-02,Corporate Events,Net billings,1427150.08,1337698.32,89451.76,0.06687,F,False,,,
2024-03,Corporate Events,Net billings,1516668.54,1509837.3,6831.24,0.004524,F,False,,,
2024-04,Corporate Events,Net billings,1878385.14,1935552.36,-57167.22,-0.029535,U,False,,,
2024-05,Corporate Events,Net billings,1998624.26,2110748.76,-112124.5,-0.053121,U,False,,,
2024-06,Corporate Events,Net billings,1902089.0,2032952.45,-130863.45,-0.064371,U,False,,,
2024-07,Corporate Events,Net billings,1569596.59,1444722.2,124874.39,0.086435,F,False,,,
2024-08,Corporate Events,Net billings,952806.76,1023142.48,-70335.72,-0.068745,U,False,,,
2024-09,Corporate Events,Net billings,1637909.77,1625278.96,12630.81,0.007771,F,False,,,
2024-10,Corporate Events,Net billings,2275270.34,2059704.89,215565.45,0.104658,F,False,single,,"A brand activation sold for early 2025 was pulled into October at the client's request. The matching cost variance appears on the COGS line the same month. (FP&A Analyst, 2024-11-08)"
2024-11,Corporate Events,Net billings,2292395.51,2238651.81,53743.7,0.024007,F,False,,,
2024-12,Corporate Events,Net billings,1905430.62,1900445.1,4985.52,0.002623,F,False,,,
2025-01,Corporate Events,Net billings,1198964.42,1213333.33,-14368.91,-0.011843,U,False,,,
2025-02,Corporate Events,Net billings,1284510.37,1391206.25,-106695.88,-0.076693,U,False,,,
2025-03,Corporate Events,Net billings,1615975.95,1570230.79,45745.16,0.029133,F,False,,,
2025-04,Corporate Events,Net billings,1983124.97,2012974.46,-29849.49,-0.014829,U,False,,,
2025-05,Corporate Events,Net billings,2323733.54,2195178.71,128554.83,0.058562,F,False,,,
2025-06,Corporate Events,Net billings,2059481.36,2114270.55,-54789.19,-0.025914,U,False,,,
2025-07,Corporate Events,Net billings,1452091.3,1502511.08,-50419.78,-0.033557,U,False,,,
2025-08,Corporate Events,Net billings,1086088.55,1064068.17,22020.38,0.020695,F,False,,,
2025-09,Corporate Events,Net billings,1721421.6,1690290.12,31131.48,0.018418,F,False,,,
2025-10,Corporate Events,Net billings,2171048.11,2142093.09,28955.02,0.013517,F,False,,,
2025-11,Corporate Events,Net billings,2313645.6,2328197.89,-14552.29,-0.00625,U,False,,,
2025-12,Corporate Events,Net billings,2107794.97,1976462.91,131332.06,0.066448,F,False,,,
2026-01,Corporate Events,Net billings,1363084.42,1261866.67,101217.75,0.080213,F,False,,,
2026-02,Corporate Events,Net billings,1389404.52,1446854.5,-57449.98,-0.039707,U,False,,,
2026-03,Corporate Events,Net billings,1594518.56,1633040.02,-38521.46,-0.023589,U,False,,,
2026-04,Corporate Events,Net billings,2019731.99,2093493.44,-73761.45,-0.035234,U,False,,,
2026-05,Corporate Events,Net billings,2269568.5,2282985.86,-13417.36,-0.005877,U,False,,,
2026-06,Corporate Events,Net billings,2281235.68,2198841.37,82394.31,0.037472,F,False,,,
2024-01,Corporate Events,Opex - Facilities,24496.14,24300.0,196.14,0.008072,U,False,,,
2024-02,Corporate Events,Opex - Facilities,23934.62,24330.38,-395.76,-0.016266,F,False,,,
2024-03,Corporate Events,Opex - Facilities,23825.99,24360.75,-534.76,-0.021952,F,False,,,
2024-04,Corporate Events,Opex - Facilities,24331.61,24391.12,-59.51,-0.00244,F,False,,,
2024-05,Corporate Events,Opex - Facilities,25201.49,24421.5,779.99,0.031939,U,False,,,
2024-06,Corporate Events,Opex - Facilities,24577.15,24451.88,125.27,0.005123,U,False,,,
2024-07,Corporate Events,Opex - Facilities,24433.11,24482.25,-49.14,-0.002007,F,False,,,
2024-08,Corporate Events,Opex - Facilities,24884.99,24512.62,372.37,0.015191,U,False,,,
2024-09,Corporate Events,Opex - Facilities,24507.18,24543.0,-35.82,-0.001459,F,False,,,
2024-10,Corporate Events,Opex - Facilities,24670.22,24573.38,96.84,0.003941,U,False,,,
2024-11,Corporate Events,Opex - Facilities,24701.08,24603.75,97.33,0.003956,U,False,,,
2024-12,Corporate Events,Opex - Facilities,23685.71,24634.12,-948.41,-0.0385,F,False,,,
2025-01,Corporate Events,Opex - Facilities,25303.56,24664.5,639.06,0.02591,U,False,,,
2025-02,Corporate Events,Opex - Facilities,25176.44,24694.88,481.56,0.0195,U,False,,,
2025-03,Corporate Events,Opex - Facilities,25032.33,24725.25,307.08,0.01242,U,False,,,
2025-04,Corporate Events,Opex - Facilities,24684.83,24755.62,-70.79,-0.00286,F,False,,,
2025-05,Corporate Events,Opex - Facilities,24350.26,24786.0,-435.74,-0.01758,F,False,,,
2025-06,Corporate Events,Opex - Facilities,24363.52,24816.38,-452.86,-0.018248,F,False,,,
2025-07,Corporate Events,Opex - Facilities,24873.6,24846.75,26.85,0.001081,U,False,,,
2025-08,Corporate Events,Opex - Facilities,25427.89,24877.12,550.77,0.02214,U,False,,,
2025-09,Corporate Events,Opex - Facilities,24995.08,24907.5,87.58,0.003516,U,False,,,
2025-10,Corporate Events,Opex - Facilities,24541.91,24937.88,-395.97,-0.015878,F,False,,,
2025-11,Corporate Events,Opex - Facilities,24972.53,24968.25,4.28,0.000171,U,False,,,
2025-12,Corporate Events,Opex - Facilities,24247.35,24998.62,-751.27,-0.030052,F,False,,,
2026-01,Corporate Events,Opex - Facilities,24427.82,25029.0,-601.18,-0.024019,F,False,,,
2026-02,Corporate Events,Opex - Facilities,25079.81,25059.38,20.43,0.000815,U,False,,,
2026-03,Corporate Events,Opex - Facilities,25289.24,25089.75,199.49,0.007951,U,False,,,
2026-04,Corporate Events,Opex - Facilities,25019.96,25120.12,-100.16,-0.003987,F,False,,,
2026-05,Corporate Events,Opex - Facilities,24894.62,25150.5,-255.88,-0.010174,F,False,,,
2026-06,Corporate Events,Opex - Facilities,25692.14,25180.88,511.26,0.020304,U,False,,,
2024-01,Corporate Events,Opex - G&A,19984.72,21000.0,-1015.28,-0.048347,F,False,,,
2024-02,Corporate Events,Opex - G&A,21797.69,21035.0,762.69,0.036258,U,False,,,
2024-03,Corporate Events,Opex - G&A,21384.5,21070.0,314.5,0.014926,U,False,,,
2024-04,Corporate Events,Opex - G&A,21731.37,21105.0,626.37,0.029679,U,False,,,
2024-05,Corporate Events,Opex - G&A,20946.73,21140.0,-193.27,-0.009142,F,False,,,
2024-06,Corporate Events,Opex - G&A,19984.25,21175.0,-1190.75,-0.056234,F,False,,,
2024-07,Corporate Events,Opex - G&A,21446.13,21210.0,236.13,0.011133,U,False,,,
2024-08,Corporate Events,Opex - G&A,20202.71,21245.0,-1042.29,-0.04906,F,False,,,
2024-09,Corporate Events,Opex - G&A,20768.8,21280.0,-511.2,-0.024023,F,False,,,
2024-10,Corporate Events,Opex - G&A,20133.65,21315.0,-1181.35,-0.055423,F,False,,,
2024-11,Corporate Events,Opex - G&A,20374.39,21350.0,-975.61,-0.045696,F,False,,,
2024-12,Corporate Events,Opex - G&A,21842.79,21385.0,457.79,0.021407,U,False,,,
2025-01,Corporate Events,Opex - G&A,20609.8,21420.0,-810.2,-0.037824,F,False,,,
2025-02,Corporate Events,Opex - G&A,22486.1,21455.0,1031.1,0.048059,U,False,,,
2025-03,Corporate Events,Opex - G&A,21319.78,21490.0,-170.22,-0.007921,F,False,,,
2025-04,Corporate Events,Opex - G&A,21951.28,21525.0,426.28,0.019804,U,False,,,
2025-05,Corporate Events,Opex - G&A,22368.94,21560.0,808.94,0.03752,U,False,,,
2025-06,Corporate Events,Opex - G&A,22845.82,21595.0,1250.82,0.057922,U,False,,,
2025-07,Corporate Events,Opex - G&A,22335.26,21630.0,705.26,0.032606,U,False,,,
2025-08,Corporate Events,Opex - G&A,20450.26,21665.0,-1214.74,-0.056069,F,False,,,
2025-09,Corporate Events,Opex - G&A,19862.88,21700.0,-1837.12,-0.08466,F,False,,,
2025-10,Corporate Events,Opex - G&A,22474.85,21735.0,739.85,0.03404,U,False,,,
2025-11,Corporate Events,Opex - G&A,22910.98,21770.0,1140.98,0.052411,U,False,,,
2025-12,Corporate Events,Opex - G&A,20662.9,21805.0,-1142.1,-0.052378,F,False,,,
2026-01,Corporate Events,Opex - G&A,21206.22,21840.0,-633.78,-0.029019,F,False,,,
2026-02,Corporate Events,Opex - G&A,19920.25,21875.0,-1954.75,-0.08936,F,False,,,
2026-03,Corporate Events,Opex - G&A,23844.4,21910.0,1934.4,0.088288,U,False,,,
2026-04,Corporate Events,Opex - G&A,22478.0,21945.0,533.0,0.024288,U,False,,,
2026-05,Corporate Events,Opex - G&A,21680.42,21980.0,-299.58,-0.01363,F,False,,,
2026-06,Corporate Events,Opex - G&A,24230.97,22015.0,2215.97,0.100657,U,False,,,
2024-01,Corporate Events,Opex - IT,21604.41,20000.0,1604.41,0.08022,U,False,,,
2024-02,Corporate Events,Opex - IT,20316.32,20033.33,282.99,0.014126,U,False,,,
2024-03,Corporate Events,Opex - IT,19605.32,20066.67,-461.35,-0.022991,F,False,,,
2024-04,Corporate Events,Opex - IT,16647.16,20100.0,-3452.84,-0.171783,F,False,,,
2024-05,Corporate Events,Opex - IT,17770.41,20133.33,-2362.92,-0.117364,F,False,,,
2024-06,Corporate Events,Opex - IT,19572.56,20166.67,-594.11,-0.02946,F,False,,,
2024-07,Corporate Events,Opex - IT,19592.13,20200.0,-607.87,-0.030093,F,False,,,
2024-08,Corporate Events,Opex - IT,20996.6,20233.33,763.27,0.037723,U,False,,,
2024-09,Corporate Events,Opex - IT,20779.81,20266.67,513.14,0.025319,U,False,,,
2024-10,Corporate Events,Opex - IT,22234.42,20300.0,1934.42,0.095292,U,False,,,
2024-11,Corporate Events,Opex - IT,19566.32,20333.33,-767.01,-0.037722,F,False,,,
2024-12,Corporate Events,Opex - IT,22764.22,20366.67,2397.55,0.117719,U,False,,,
2025-01,Corporate Events,Opex - IT,20935.29,20400.0,535.29,0.02624,U,False,,,
2025-02,Corporate Events,Opex - IT,19886.61,20433.33,-546.72,-0.026756,F,False,,,
2025-03,Corporate Events,Opex - IT,21185.44,20466.67,718.77,0.035119,U,False,,,
2025-04,Corporate Events,Opex - IT,21783.05,20500.0,1283.05,0.062588,U,False,,,
2025-05,Corporate Events,Opex - IT,20423.35,20533.33,-109.98,-0.005356,F,False,,,
2025-06,Corporate Events,Opex - IT,20620.6,20566.67,53.93,0.002622,U,False,,,
2025-07,Corporate Events,Opex - IT,21101.6,20600.0,501.6,0.02435,U,False,,,
2025-08,Corporate Events,Opex - IT,18022.65,20633.33,-2610.68,-0.126527,F,False,,,
2025-09,Corporate Events,Opex - IT,21051.69,20666.67,385.02,0.01863,U,False,,,
2025-10,Corporate Events,Opex - IT,22355.71,20700.0,1655.71,0.079986,U,False,,,
2025-11,Corporate Events,Opex - IT,22133.89,20733.33,1400.56,0.067551,U,False,,,
2025-12,Corporate Events,Opex - IT,20425.82,20766.67,-340.85,-0.016413,F,False,,,
2026-01,Corporate Events,Opex - IT,18717.26,20800.0,-2082.74,-0.100132,F,False,,,
2026-02,Corporate Events,Opex - IT,16983.16,20833.33,-3850.17,-0.184808,F,False,,,
2026-03,Corporate Events,Opex - IT,21249.3,20866.67,382.63,0.018337,U,False,,,
2026-04,Corporate Events,Opex - IT,21771.39,20900.0,871.39,0.041693,U,False,,,
2026-05,Corporate Events,Opex - IT,17025.3,20933.33,-3908.03,-0.186689,F,False,,,
2026-06,Corporate Events,Opex - IT,20850.7,20966.67,-115.97,-0.005531,F,False,,,
2024-01,Corporate Events,Opex - Marketing,39608.18,40950.0,-1341.82,-0.032767,F,False,,,
2024-02,Corporate Events,Opex - Marketing,43325.76,42300.0,1025.76,0.02425,U,False,,,
2024-03,Corporate Events,Opex - Marketing,39925.59,43650.0,-3724.41,-0.085324,F,False,,,
2024-04,Corporate Events,Opex - Marketing,43948.88,47025.0,-3076.12,-0.065415,F,False,,,
2024-05,Corporate Events,Opex - Marketing,39871.99,48375.0,-8503.01,-0.175773,F,False,,,
2024-06,Corporate Events,Opex - Marketing,42111.63,47700.0,-5588.37,-0.117157,F,False,,,
2024-07,Corporate Events,Opex - Marketing,44843.41,42975.0,1868.41,0.043477,U,False,,,
2024-08,Corporate Events,Opex - Marketing,37400.9,39600.0,-2199.1,-0.055533,F,False,,,
2024-09,Corporate Events,Opex - Marketing,41126.69,44325.0,-3198.31,-0.072156,F,False,,,
2024-10,Corporate Events,Opex - Marketing,42393.8,47700.0,-5306.2,-0.111241,F,False,,,
2024-11,Corporate Events,Opex - Marketing,43603.34,49050.0,-5446.66,-0.111043,F,False,,,
2024-12,Corporate Events,Opex - Marketing,47057.13,46350.0,707.13,0.015256,U,False,,,
2025-01,Corporate Events,Opex - Marketing,33756.22,40950.0,-7193.78,-0.175672,F,False,,,
2025-02,Corporate Events,Opex - Marketing,37846.24,42300.0,-4453.76,-0.10529,F,False,,,
2025-03,Corporate Events,Opex - Marketing,51262.27,43650.0,7612.27,0.174393,U,False,,,
2025-04,Corporate Events,Opex - Marketing,41484.03,47025.0,-5540.97,-0.11783,F,False,episode,"N12, N16",
2025-05,Corporate Events,Opex - Marketing,40770.26,48375.0,-7604.74,-0.157204,F,False,episode,"N12, N16",
2025-06,Corporate Events,Opex - Marketing,42864.57,47700.0,-4835.43,-0.101372,F,False,episode,"N12, N16",
2025-07,Corporate Events,Opex - Marketing,25839.98,42975.0,-17135.02,-0.398721,F,False,episode,"N12, N16",
2025-08,Corporate Events,Opex - Marketing,32713.19,39600.0,-6886.81,-0.173909,F,False,episode,"N12, N16",
2025-09,Corporate Events,Opex - Marketing,38267.58,44325.0,-6057.42,-0.136659,F,False,episode,"N12, N16",
2025-10,Corporate Events,Opex - Marketing,38632.46,47700.0,-9067.54,-0.190095,F,False,episode,"N12, N16",
2025-11,Corporate Events,Opex - Marketing,39033.0,49050.0,-10017.0,-0.20422,F,False,episode,"N12, N16",
2025-12,Corporate Events,Opex - Marketing,44568.16,46350.0,-1781.84,-0.038443,F,False,episode,"N12, N16",
2026-01,Corporate Events,Opex - Marketing,34388.75,40950.0,-6561.25,-0.160226,F,False,episode,"N12, N16",
2026-02,Corporate Events,Opex - Marketing,36324.0,42300.0,-5976.0,-0.141277,F,False,episode,"N12, N16",
2026-03,Corporate Events,Opex - Marketing,46967.98,43650.0,3317.98,0.076013,U,False,,,
2026-04,Corporate Events,Opex - Marketing,45173.43,47025.0,-1851.57,-0.039374,F,False,,,
2026-05,Corporate Events,Opex - Marketing,41204.93,48375.0,-7170.07,-0.148219,F,False,,,
2026-06,Corporate Events,Opex - Marketing,54033.06,47700.0,6333.06,0.132769,U,False,,,
2024-01,Corporate Events,Opex - Travel,3463.76,3640.0,-176.24,-0.048418,F,False,,,
2024-02,Corporate Events,Opex - Travel,3675.83,3760.0,-84.17,-0.022386,F,False,,,
2024-03,Corporate Events,Opex - Travel,4608.22,3880.0,728.22,0.187686,U,False,,,
2024-04,Corporate Events,Opex - Travel,3875.24,4180.0,-304.76,-0.072909,F,False,,,
2024-05,Corporate Events,Opex - Travel,4259.47,4300.0,-40.53,-0.009426,F,False,,,
2024-06,Corporate Events,Opex - Travel,5471.75,4240.0,1231.75,0.290507,U,False,,,
2024-07,Corporate Events,Opex - Travel,4116.94,3820.0,296.94,0.077733,U,False,,,
2024-08,Corporate Events,Opex - Travel,3601.72,3520.0,81.72,0.023216,U,False,,,
2024-09,Corporate Events,Opex - Travel,3940.03,3940.0,0.03,8e-06,U,False,,,
2024-10,Corporate Events,Opex - Travel,3916.46,4240.0,-323.54,-0.076307,F,False,,,
2024-11,Corporate Events,Opex - Travel,4558.13,4360.0,198.13,0.045443,U,False,,,
2024-12,Corporate Events,Opex - Travel,4016.19,4120.0,-103.81,-0.025197,F,False,,,
2025-01,Corporate Events,Opex - Travel,3876.56,3640.0,236.56,0.064989,U,False,,,
2025-02,Corporate Events,Opex - Travel,3736.94,3760.0,-23.06,-0.006133,F,False,,,
2025-03,Corporate Events,Opex - Travel,4050.37,3880.0,170.37,0.04391,U,False,,,
2025-04,Corporate Events,Opex - Travel,4593.65,4180.0,413.65,0.098959,U,False,,,
2025-05,Corporate Events,Opex - Travel,4614.23,4300.0,314.23,0.073077,U,False,,,
2025-06,Corporate Events,Opex - Travel,3943.65,4240.0,-296.35,-0.069894,F,False,,,
2025-07,Corporate Events,Opex - Travel,4052.55,3820.0,232.55,0.060877,U,False,,,
2025-08,Corporate Events,Opex - Travel,3311.93,3520.0,-208.07,-0.059111,F,False,,,
2025-09,Corporate Events,Opex - Travel,4260.62,3940.0,320.62,0.081376,U,False,,,
2025-10,Corporate Events,Opex - Travel,4175.33,4240.0,-64.67,-0.015252,F,False,,,
2025-11,Corporate Events,Opex - Travel,4001.5,4360.0,-358.5,-0.082225,F,False,,,
2025-12,Corporate Events,Opex - Travel,4348.3,4120.0,228.3,0.055413,U,False,,,
2026-01,Corporate Events,Opex - Travel,4116.68,3640.0,476.68,0.130956,U,False,,,
2026-02,Corporate Events,Opex - Travel,3863.88,3760.0,103.88,0.027628,U,False,,,
2026-03,Corporate Events,Opex - Travel,3933.64,3880.0,53.64,0.013825,U,False,,,
2026-04,Corporate Events,Opex - Travel,4522.98,4180.0,342.98,0.082053,U,False,,,
2026-05,Corporate Events,Opex - Travel,3742.52,4300.0,-557.48,-0.129647,F,False,,,
2026-06,Corporate Events,Opex - Travel,4701.83,4240.0,461.83,0.108922,U,False,,,
2024-01,Corporate Events,Payroll,155094.96,155000.0,94.96,0.000613,U,False,,,
2024-02,Corporate Events,Payroll,153219.53,155382.27,-2162.74,-0.013919,F,False,,,
2024-03,Corporate Events,Payroll,163608.2,155765.49,7842.71,0.050349,U,False,,,
2024-04,Corporate Events,Payroll,159915.52,156149.65,3765.87,0.024117,U,False,,,
2024-05,Corporate Events,Payroll,153789.57,156534.75,-2745.18,-0.017537,F,False,,,
2024-06,Corporate Events,Payroll,162685.81,156920.81,5765.0,0.036738,U,False,,,
2024-07,Corporate Events,Payroll,156536.14,157307.82,-771.68,-0.004906,F,False,,,
2024-08,Corporate Events,Payroll,156855.62,157695.78,-840.16,-0.005328,F,False,,,
2024-09,Corporate Events,Payroll,158252.76,158084.7,168.06,0.001063,U,False,,,
2024-10,Corporate Events,Payroll,159697.52,158474.58,1222.94,0.007717,U,False,,,
2024-11,Corporate Events,Payroll,161812.18,158865.42,2946.76,0.018549,U,False,,,
2024-12,Corporate Events,Payroll,158927.6,159257.23,-329.63,-0.00207,F,False,,,
2025-01,Corporate Events,Payroll,160595.11,159650.0,945.11,0.00592,U,False,,,
2025-02,Corporate Events,Payroll,158992.17,160043.74,-1051.57,-0.006571,F,False,,,
2025-03,Corporate Events,Payroll,164216.49,160438.45,3778.04,0.023548,U,False,,,
2025-04,Corporate Events,Payroll,158590.74,160834.14,-2243.4,-0.013949,F,False,,,
2025-05,Corporate Events,Payroll,167102.0,161230.8,5871.2,0.036415,U,False,,,
2025-06,Corporate Events,Payroll,163689.31,161628.43,2060.88,0.012751,U,False,,,
2025-07,Corporate Events,Payroll,165770.89,162027.05,3743.84,0.023106,U,False,,,
2025-08,Corporate Events,Payroll,155724.16,162426.66,-6702.5,-0.041265,F,False,,,
2025-09,Corporate Events,Payroll,160967.94,162827.24,-1859.3,-0.011419,F,False,,,
2025-10,Corporate Events,Payroll,162747.2,163228.82,-481.62,-0.002951,F,False,,,
2025-11,Corporate Events,Payroll,161197.9,163631.39,-2433.49,-0.014872,F,False,,,
2025-12,Corporate Events,Payroll,166796.7,164034.95,2761.75,0.016836,U,False,,,
2026-01,Corporate Events,Payroll,164794.3,164439.5,354.8,0.002158,U,False,,,
2026-02,Corporate Events,Payroll,166573.25,164845.05,1728.2,0.010484,U,False,,,
2026-03,Corporate Events,Payroll,167571.58,165251.6,2319.98,0.014039,U,False,,,
2026-04,Corporate Events,Payroll,166311.11,165659.16,651.95,0.003935,U,False,,,
2026-05,Corporate Events,Payroll,159448.06,166067.72,-6619.66,-0.039861,F,False,,,
2026-06,Corporate Events,Payroll,167135.84,166477.29,658.55,0.003956,U,False,,,
2024-01,Corporate Events,Social charges,71304.86,71300.0,4.86,6.8e-05,U,False,,,
2024-02,Corporate Events,Social charges,70416.71,71475.85,-1059.14,-0.014818,F,False,,,
2024-03,Corporate Events,Social charges,75501.05,71652.12,3848.93,0.053717,U,False,,,
2024-04,Corporate Events,Social charges,73441.08,71828.84,1612.24,0.022446,U,False,,,
2024-05,Corporate Events,Social charges,71145.28,72005.99,-860.71,-0.011953,F,False,,,
2024-06,Corporate Events,Social charges,74863.1,72183.57,2679.53,0.037121,U,False,,,
2024-07,Corporate Events,Social charges,73223.26,72361.6,861.66,0.011908,U,False,,,
2024-08,Corporate Events,Social charges,71750.28,72540.06,-789.78,-0.010888,F,False,,,
2024-09,Corporate Events,Social charges,73455.89,72718.96,736.93,0.010134,U,False,,,
2024-10,Corporate Events,Social charges,73561.66,72898.31,663.35,0.0091,U,False,,,
2024-11,Corporate Events,Social charges,74244.84,73078.09,1166.75,0.015966,U,False,,,
2024-12,Corporate Events,Social charges,73713.93,73258.33,455.6,0.006219,U,False,,,
2025-01,Corporate Events,Social charges,73713.94,73439.0,274.94,0.003744,U,False,,,
2025-02,Corporate Events,Social charges,71712.12,73620.12,-1908.0,-0.025917,F,False,,,
2025-03,Corporate Events,Social charges,76040.4,73801.69,2238.71,0.030334,U,False,,,
2025-04,Corporate Events,Social charges,72715.17,73983.7,-1268.53,-0.017146,F,False,,,
2025-05,Corporate Events,Social charges,77090.83,74166.17,2924.66,0.039434,U,False,,,
2025-06,Corporate Events,Social charges,74388.76,74349.08,39.68,0.000534,U,False,,,
2025-07,Corporate Events,Social charges,76672.11,74532.44,2139.67,0.028708,U,False,,,
2025-08,Corporate Events,Social charges,70522.71,74716.26,-4193.55,-0.056126,F,False,,,
2025-09,Corporate Events,Social charges,74068.63,74900.53,-831.9,-0.011107,F,False,,,
2025-10,Corporate Events,Social charges,75374.65,75085.26,289.39,0.003854,U,False,,,
2025-11,Corporate Events,Social charges,74055.21,75270.44,-1215.23,-0.016145,F,False,,,
2025-12,Corporate Events,Social charges,76740.34,75456.07,1284.27,0.01702,U,False,,,
2026-01,Corporate Events,Social charges,74967.43,75642.17,-674.74,-0.00892,F,False,,,
2026-02,Corporate Events,Social charges,76652.73,75828.72,824.01,0.010867,U,False,,,
2026-03,Corporate Events,Social charges,77745.84,76015.74,1730.1,0.02276,U,False,,,
2026-04,Corporate Events,Social charges,76665.75,76203.21,462.54,0.00607,U,False,,,
2026-05,Corporate Events,Social charges,73821.35,76391.15,-2569.8,-0.03364,F,False,,,
2026-06,Corporate Events,Social charges,77693.03,76579.55,1113.48,0.01454,U,False,,,
2024-01,Digital/Influence,Bonuses and profit sharing,46839.23,45225.0,1614.23,0.035693,U,False,,,
2024-02,Digital/Influence,Bonuses and profit sharing,42703.38,45336.54,-2633.16,-0.05808,F,False,,,
2024-03,Digital/Influence,Bonuses and profit sharing,44764.72,45448.35,-683.63,-0.015042,F,False,,,
2024-04,Digital/Influence,Bonuses and profit sharing,47978.72,45560.44,2418.28,0.053079,U,False,,,
2024-05,Digital/Influence,Bonuses and profit sharing,42669.38,45672.8,-3003.42,-0.065759,F,False,,,
2024-06,Digital/Influence,Bonuses and profit sharing,44630.0,45785.44,-1155.44,-0.025236,F,False,,,
2024-07,Digital/Influence,Bonuses and profit sharing,41732.25,45898.36,-4166.11,-0.090768,F,False,,,
2024-08,Digital/Influence,Bonuses and profit sharing,46445.65,46011.56,434.09,0.009434,U,False,,,
2024-09,Digital/Influence,Bonuses and profit sharing,44397.68,46125.04,-1727.36,-0.03745,F,False,,,
2024-10,Digital/Influence,Bonuses and profit sharing,45027.63,46238.79,-1211.16,-0.026194,F,False,,,
2024-11,Digital/Influence,Bonuses and profit sharing,49916.61,46352.83,3563.78,0.076884,U,False,,,
2024-12,Digital/Influence,Bonuses and profit sharing,44826.25,46467.15,-1640.9,-0.035313,F,False,,,
2025-01,Digital/Influence,Bonuses and profit sharing,50100.0,46581.75,3518.25,0.075529,U,False,,,
2025-02,Digital/Influence,Bonuses and profit sharing,44470.52,46696.63,-2226.11,-0.047672,F,False,,,
2025-03,Digital/Influence,Bonuses and profit sharing,46023.04,46811.8,-788.76,-0.01685,F,False,,,
2025-04,Digital/Influence,Bonuses and profit sharing,50238.93,46927.25,3311.68,0.070571,U,False,,,
2025-05,Digital/Influence,Bonuses and profit sharing,43464.34,47042.99,-3578.65,-0.076072,F,False,,,
2025-06,Digital/Influence,Bonuses and profit sharing,42422.92,47159.01,-4736.09,-0.100428,F,False,,,
2025-07,Digital/Influence,Bonuses and profit sharing,49531.37,47275.31,2256.06,0.047722,U,False,,,
2025-08,Digital/Influence,Bonuses and profit sharing,43480.95,47391.91,-3910.96,-0.082524,F,False,,,
2025-09,Digital/Influence,Bonuses and profit sharing,46311.07,47508.79,-1197.72,-0.02521,F,False,,,
2025-10,Digital/Influence,Bonuses and profit sharing,51099.82,47625.96,3473.86,0.07294,U,False,,,
2025-11,Digital/Influence,Bonuses and profit sharing,46531.95,47743.42,-1211.47,-0.025375,F,False,,,
2025-12,Digital/Influence,Bonuses and profit sharing,47843.31,47861.16,-17.85,-0.000373,F,False,,,
2026-01,Digital/Influence,Bonuses and profit sharing,48385.67,47979.2,406.47,0.008472,U,False,,,
2026-02,Digital/Influence,Bonuses and profit sharing,48866.98,48097.53,769.45,0.015998,U,False,,,
2026-03,Digital/Influence,Bonuses and profit sharing,46956.55,48216.15,-1259.6,-0.026124,F,False,,,
2026-04,Digital/Influence,Bonuses and profit sharing,50625.79,48335.07,2290.72,0.047393,U,False,,,
2026-05,Digital/Influence,Bonuses and profit sharing,46262.93,48454.28,-2191.35,-0.045225,F,False,,,
2026-06,Digital/Influence,Bonuses and profit sharing,48247.37,48573.78,-326.41,-0.00672,F,False,,,
2024-01,Digital/Influence,Cost of sales,979549.71,991666.67,-12116.96,-0.012219,F,False,,,
2024-02,Digital/Influence,Cost of sales,1200736.71,1137043.57,63693.14,0.056016,U,False,,,
2024-03,Digital/Influence,Cost of sales,1326679.28,1283361.7,43317.58,0.033753,U,False,,,
2024-04,Digital/Influence,Cost of sales,1684360.08,1645219.51,39140.57,0.02379,U,False,,,
2024-05,Digital/Influence,Cost of sales,1908646.26,1794136.44,114509.82,0.063824,U,False,,,
2024-06,Digital/Influence,Cost of sales,1779343.11,1728009.58,51333.53,0.029707,U,False,,,
2024-07,Digital/Influence,Cost of sales,1083546.76,1228013.87,-144467.11,-0.117643,F,False,single,,"Contractor spend deferred during the summer staffing gap on the delivery bench; caught up from September. (FP&A Analyst, 2024-08-09)"
2024-08,Digital/Influence,Cost of sales,833592.87,869671.1,-36078.23,-0.041485,F,False,,,
2024-09,Digital/Influence,Cost of sales,1421742.22,1381487.12,40255.1,0.029139,U,False,,,
2024-10,Digital/Influence,Cost of sales,1799542.91,1750749.16,48793.75,0.02787,U,False,,,
2024-11,Digital/Influence,Cost of sales,2020817.24,1902854.04,117963.2,0.061993,U,False,,,
2024-12,Digital/Influence,Cost of sales,1525033.0,1615378.34,-90345.34,-0.055928,F,False,,,
2025-01,Digital/Influence,Cost of sales,868913.65,1031333.33,-162419.68,-0.157485,F,False,single,,"External development spend paused over the year-end delivery freeze and resumed in February, alongside the two go-lives that slipped on the revenue line. This recurs every holiday season; budget phasing to be corrected in the next cycle. (FP&A Analyst, 2025-02-10)"
2025-02,Digital/Influence,Cost of sales,1167263.41,1182525.31,-15261.9,-0.012906,F,False,,,
2025-03,Digital/Influence,Cost of sales,1440046.4,1334696.17,105350.23,0.078932,U,False,,,
2025-04,Digital/Influence,Cost of sales,1721859.47,1711028.29,10831.18,0.00633,U,False,,,
2025-05,Digital/Influence,Cost of sales,1840554.68,1865901.9,-25347.22,-0.013584,F,False,,,
2025-06,Digital/Influence,Cost of sales,1668219.79,1797129.96,-128910.17,-0.071731,F,False,,,
2025-07,Digital/Influence,Cost of sales,1264099.43,1277134.42,-13034.99,-0.010206,F,False,,,
2025-08,Digital/Influence,Cost of sales,994754.09,904457.95,90296.14,0.099835,U,False,,,
2025-09,Digital/Influence,Cost of sales,1441241.11,1436746.6,4494.51,0.003128,U,False,,,
2025-10,Digital/Influence,Cost of sales,1780657.66,1820779.12,-40121.46,-0.022035,F,False,,,
2025-11,Digital/Influence,Cost of sales,1939625.39,1978968.2,-39342.81,-0.01988,F,False,,,
2025-12,Digital/Influence,Cost of sales,1573560.42,1679993.47,-106433.05,-0.063353,F,False,,,
2026-01,Digital/Influence,Cost of sales,1120181.71,1072586.67,47595.04,0.044374,U,False,,,
2026-02,Digital/Influence,Cost of sales,1191244.74,1229826.33,-38581.59,-0.031372,F,False,,,
2026-03,Digital/Influence,Cost of sales,1458002.89,1388084.02,69918.87,0.050371,U,False,,,
2026-04,Digital/Influence,Cost of sales,1789539.56,1779469.42,10070.14,0.005659,U,False,,,
2026-05,Digital/Influence,Cost of sales,2019510.86,1940537.98,78972.88,0.040696,U,False,,,
2026-06,Digital/Influence,Cost of sales,1828172.48,1869015.16,-40842.68,-0.021853,F,False,,,
2024-01,Digital/Influence,Depreciation,8987.57,9000.0,-12.43,-0.001381,F,False,,,
2024-02,Digital/Influence,Depreciation,8992.1,9022.5,-30.4,-0.003369,F,False,,,
2024-03,Digital/Influence,Depreciation,9122.17,9045.0,77.17,0.008532,U,False,,,
2024-04,Digital/Influence,Depreciation,9151.93,9067.5,84.43,0.009311,U,False,,,
2024-05,Digital/Influence,Depreciation,9125.17,9090.0,35.17,0.003869,U,False,,,
2024-06,Digital/Influence,Depreciation,9072.12,9112.5,-40.38,-0.004431,F,False,,,
2024-07,Digital/Influence,Depreciation,9111.27,9135.0,-23.73,-0.002598,F,False,,,
2024-08,Digital/Influence,Depreciation,9126.08,9157.5,-31.42,-0.003431,F,False,,,
2024-09,Digital/Influence,Depreciation,9178.76,9180.0,-1.24,-0.000135,F,False,,,
2024-10,Digital/Influence,Depreciation,9214.24,9202.5,11.74,0.001276,U,False,,,
2024-11,Digital/Influence,Depreciation,9320.79,9225.0,95.79,0.010384,U,False,,,
2024-12,Digital/Influence,Depreciation,9271.51,9247.5,24.01,0.002596,U,False,,,
2025-01,Digital/Influence,Depreciation,9275.6,9270.0,5.6,0.000604,U,False,,,
2025-02,Digital/Influence,Depreciation,9321.28,9292.5,28.78,0.003097,U,False,,,
2025-03,Digital/Influence,Depreciation,9319.92,9315.0,4.92,0.000528,U,False,,,
2025-04,Digital/Influence,Depreciation,9322.02,9337.5,-15.48,-0.001658,F,False,,,
2025-05,Digital/Influence,Depreciation,9356.73,9360.0,-3.27,-0.000349,F,False,,,
2025-06,Digital/Influence,Depreciation,9367.26,9382.5,-15.24,-0.001624,F,False,,,
2025-07,Digital/Influence,Depreciation,9471.73,9405.0,66.73,0.007095,U,False,,,
2025-08,Digital/Influence,Depreciation,9402.16,9427.5,-25.34,-0.002688,F,False,,,
2025-09,Digital/Influence,Depreciation,9420.18,9450.0,-29.82,-0.003156,F,False,,,
2025-10,Digital/Influence,Depreciation,9447.81,9472.5,-24.69,-0.002606,F,False,,,
2025-11,Digital/Influence,Depreciation,9507.94,9495.0,12.94,0.001363,U,False,,,
2025-12,Digital/Influence,Depreciation,9567.71,9517.5,50.21,0.005276,U,False,,,
2026-01,Digital/Influence,Depreciation,9541.66,9540.0,1.66,0.000174,U,False,,,
2026-02,Digital/Influence,Depreciation,9587.84,9562.5,25.34,0.00265,U,False,,,
2026-03,Digital/Influence,Depreciation,9633.34,9585.0,48.34,0.005043,U,False,,,
2026-04,Digital/Influence,Depreciation,9586.37,9607.5,-21.13,-0.002199,F,False,,,
2026-05,Digital/Influence,Depreciation,9666.5,9630.0,36.5,0.00379,U,False,,,
2026-06,Digital/Influence,Depreciation,9584.04,9652.5,-68.46,-0.007092,F,False,,,
2024-01,Digital/Influence,Net billings,1465050.9,1458333.33,6717.57,0.004606,F,False,,,
2024-02,Digital/Influence,Net billings,1815989.83,1672122.9,143866.93,0.086038,F,False,,,
2024-03,Digital/Influence,Net billings,1974895.21,1887296.62,87598.59,0.046415,F,False,,,
2024-04,Digital/Influence,Net billings,2459199.36,2419440.45,39758.91,0.016433,F,False,,,
2024-05,Digital/Influence,Net billings,2785474.99,2638435.95,147039.04,0.05573,F,False,,,
2024-06,Digital/Influence,Net billings,2561544.3,2541190.56,20353.74,0.00801,F,False,,,
2024-07,Digital/Influence,Net billings,1662372.53,1805902.74,-143530.21,-0.079478,U,False,,,
2024-08,Digital/Influence,Net billings,1217405.83,1278928.09,-61522.26,-0.048105,U,False,,,
2024-09,Digital/Influence,Net billings,2139664.68,2031598.71,108065.97,0.053193,F,False,,,
2024-10,Digital/Influence,Net billings,2649395.45,2574631.11,74764.34,0.029039,F,False,,,
2024-11,Digital/Influence,Net billings,2950163.5,2798314.77,151848.73,0.054264,F,False,,,
2024-12,Digital/Influence,Net billings,2335693.67,2375556.38,-39862.71,-0.01678,U,False,,,
2025-01,Digital/Influence,Net billings,1291856.56,1516666.67,-224810.11,-0.148226,U,False,single,,"Two platform go-lives slipped from January into February on client-side content delays. Revenue is recognized on delivery, so January carries the gap; both projects were invoiced in February. (FP&A Analyst, 2025-02-10)"
2025-02,Digital/Influence,Net billings,1713155.43,1739007.82,-25852.39,-0.014866,U,False,,,
2025-03,Digital/Influence,Net billings,2050899.57,1962788.48,88111.09,0.044891,F,False,,,
2025-04,Digital/Influence,Net billings,2460542.25,2516218.07,-55675.82,-0.022127,U,False,,,
2025-05,Digital/Influence,Net billings,2682430.97,2743973.39,-61542.42,-0.022428,U,False,,,
2025-06,Digital/Influence,Net billings,2538899.88,2642838.18,-103938.3,-0.039328,U,False,,,
2025-07,Digital/Influence,Net billings,1897238.42,1878138.85,19099.57,0.010169,F,False,,,
2025-08,Digital/Influence,Net billings,1465426.26,1330085.22,135341.04,0.101754,F,False,single,,
2025-09,Digital/Influence,Net billings,1915910.14,2112862.65,-196952.51,-0.093216,U,False,single,N08,
2025-10,Digital/Influence,Net billings,2590203.41,2677616.36,-87412.95,-0.032646,U,False,,,
2025-11,Digital/Influence,Net billings,2937871.92,2910247.36,27624.56,0.009492,F,False,,,
2025-12,Digital/Influence,Net billings,2327736.24,2470578.64,-142842.4,-0.057817,U,False,,,
2026-01,Digital/Influence,Net billings,1595902.36,1577333.33,18569.03,0.011772,F,False,,,
2026-02,Digital/Influence,Net billings,1770262.06,1808568.13,-38306.07,-0.02118,U,False,,,
2026-03,Digital/Influence,Net billings,2171376.48,2041300.02,130076.46,0.063722,F,False,,,
2026-04,Digital/Influence,Net billings,2687265.02,2616866.79,70398.23,0.026902,F,False,,,
2026-05,Digital/Influence,Net billings,2955584.9,2853732.32,101852.58,0.035691,F,False,,,
2026-06,Digital/Influence,Net billings,2663392.52,2748551.71,-85159.19,-0.030983,U,False,,,
2024-01,Digital/Influence,Opex - Facilities,36939.96,36500.0,439.96,0.012054,U,False,,,
2024-02,Digital/Influence,Opex - Facilities,35541.95,36545.62,-1003.67,-0.027463,F,False,,,
2024-03,Digital/Influence,Opex - Facilities,36487.38,36591.25,-103.87,-0.002839,F,False,,,
2024-04,Digital/Influence,Opex - Facilities,36454.7,36636.88,-182.18,-0.004973,F,False,,,
2024-05,Digital/Influence,Opex - Facilities,36720.68,36682.5,38.18,0.001041,U,False,,,
2024-06,Digital/Influence,Opex - Facilities,36269.0,36728.12,-459.12,-0.012501,F,False,,,
2024-07,Digital/Influence,Opex - Facilities,37383.82,36773.75,610.07,0.01659,U,False,,,
2024-08,Digital/Influence,Opex - Facilities,36632.01,36819.38,-187.37,-0.005089,F,False,,,
2024-09,Digital/Influence,Opex - Facilities,36915.61,36865.0,50.61,0.001373,U,False,,,
2024-10,Digital/Influence,Opex - Facilities,37279.13,36910.62,368.51,0.009984,U,False,,,
2024-11,Digital/Influence,Opex - Facilities,35941.02,36956.25,-1015.23,-0.027471,F,False,,,
2024-12,Digital/Influence,Opex - Facilities,36167.94,37001.88,-833.94,-0.022538,F,False,,,
2025-01,Digital/Influence,Opex - Facilities,36180.06,37047.5,-867.44,-0.023414,F,False,,,
2025-02,Digital/Influence,Opex - Facilities,36710.12,37093.12,-383.0,-0.010325,F,False,,,
2025-03,Digital/Influence,Opex - Facilities,37920.79,37138.75,782.04,0.021057,U,False,,,
2025-04,Digital/Influence,Opex - Facilities,36659.45,37184.38,-524.93,-0.014117,F,False,,,
2025-05,Digital/Influence,Opex - Facilities,35892.93,37230.0,-1337.07,-0.035914,F,False,,,
2025-06,Digital/Influence,Opex - Facilities,37186.62,37275.62,-89.0,-0.002388,F,False,,,
2025-07,Digital/Influence,Opex - Facilities,37487.19,37321.25,165.94,0.004446,U,False,,,
2025-08,Digital/Influence,Opex - Facilities,36868.7,37366.88,-498.18,-0.013332,F,False,,,
2025-09,Digital/Influence,Opex - Facilities,37322.91,37412.5,-89.59,-0.002395,F,False,,,
2025-10,Digital/Influence,Opex - Facilities,36952.61,37458.13,-505.52,-0.013496,F,False,,,
2025-11,Digital/Influence,Opex - Facilities,36148.03,37503.75,-1355.72,-0.036149,F,False,,,
2025-12,Digital/Influence,Opex - Facilities,37078.0,37549.38,-471.38,-0.012554,F,False,,,
2026-01,Digital/Influence,Opex - Facilities,36872.57,37595.0,-722.43,-0.019216,F,False,,,
2026-02,Digital/Influence,Opex - Facilities,37314.54,37640.62,-326.08,-0.008663,F,False,,,
2026-03,Digital/Influence,Opex - Facilities,36733.39,37686.25,-952.86,-0.025284,F,False,,,
2026-04,Digital/Influence,Opex - Facilities,37005.93,37731.88,-725.95,-0.01924,F,False,,,
2026-05,Digital/Influence,Opex - Facilities,37929.88,37777.5,152.38,0.004034,U,False,,,
2026-06,Digital/Influence,Opex - Facilities,36454.24,37823.12,-1368.88,-0.036192,F,False,,,
2024-01,Digital/Influence,Opex - G&A,29649.88,31000.0,-1350.12,-0.043552,F,False,,,
2024-02,Digital/Influence,Opex - G&A,30423.92,31051.67,-627.75,-0.020216,F,False,,,
2024-03,Digital/Influence,Opex - G&A,30973.72,31103.33,-129.61,-0.004167,F,False,,,
2024-04,Digital/Influence,Opex - G&A,32522.45,31155.0,1367.45,0.043892,U,False,,,
2024-05,Digital/Influence,Opex - G&A,31865.91,31206.67,659.24,0.021125,U,False,,,
2024-06,Digital/Influence,Opex - G&A,31348.35,31258.33,90.02,0.00288,U,False,,,
2024-07,Digital/Influence,Opex - G&A,32905.57,31310.0,1595.57,0.05096,U,False,,,
2024-08,Digital/Influence,Opex - G&A,31495.62,31361.67,133.95,0.004271,U,False,,,
2024-09,Digital/Influence,Opex - G&A,32054.13,31413.33,640.8,0.020399,U,False,,,
2024-10,Digital/Influence,Opex - G&A,30622.43,31465.0,-842.57,-0.026778,F,False,,,
2024-11,Digital/Influence,Opex - G&A,30942.19,31516.67,-574.48,-0.018228,F,False,,,
2024-12,Digital/Influence,Opex - G&A,30807.04,31568.33,-761.29,-0.024116,F,False,,,
2025-01,Digital/Influence,Opex - G&A,32681.94,31620.0,1061.94,0.033584,U,False,,,
2025-02,Digital/Influence,Opex - G&A,31413.94,31671.67,-257.73,-0.008138,F,False,,,
2025-03,Digital/Influence,Opex - G&A,33671.14,31723.33,1947.81,0.0614,U,False,,,
2025-04,Digital/Influence,Opex - G&A,30331.17,31775.0,-1443.83,-0.045439,F,False,,,
2025-05,Digital/Influence,Opex - G&A,32154.84,31826.67,328.17,0.010311,U,False,,,
2025-06,Digital/Influence,Opex - G&A,31187.9,31878.33,-690.43,-0.021658,F,False,,,
2025-07,Digital/Influence,Opex - G&A,32470.81,31930.0,540.81,0.016937,U,False,,,
2025-08,Digital/Influence,Opex - G&A,30133.03,31981.67,-1848.64,-0.057803,F,False,,,
2025-09,Digital/Influence,Opex - G&A,33377.07,32033.33,1343.74,0.041948,U,False,,,
2025-10,Digital/Influence,Opex - G&A,32125.01,32085.0,40.01,0.001247,U,False,,,
2025-11,Digital/Influence,Opex - G&A,32752.31,32136.67,615.64,0.019157,U,False,,,
2025-12,Digital/Influence,Opex - G&A,32215.57,32188.33,27.24,0.000846,U,False,,,
2026-01,Digital/Influence,Opex - G&A,32411.18,32240.0,171.18,0.00531,U,False,,,
2026-02,Digital/Influence,Opex - G&A,30986.0,32291.67,-1305.67,-0.040434,F,False,,,
2026-03,Digital/Influence,Opex - G&A,33528.93,32343.33,1185.6,0.036657,U,False,,,
2026-04,Digital/Influence,Opex - G&A,31986.57,32395.0,-408.43,-0.012608,F,False,,,
2026-05,Digital/Influence,Opex - G&A,31786.62,32446.67,-660.05,-0.020343,F,False,,,
2026-06,Digital/Influence,Opex - G&A,33365.74,32498.33,867.41,0.026691,U,False,,,
2024-01,Digital/Influence,Opex - IT,31083.48,32000.0,-916.52,-0.028641,F,False,,,
2024-02,Digital/Influence,Opex - IT,31717.19,32053.33,-336.14,-0.010487,F,False,,,
2024-03,Digital/Influence,Opex - IT,33205.72,32106.67,1099.05,0.034231,U,False,,,
2024-04,Digital/Influence,Opex - IT,34905.75,32160.0,2745.75,0.085378,U,False,,,
2024-05,Digital/Influence,Opex - IT,37565.85,32213.33,5352.52,0.166159,U,False,,,
2024-06,Digital/Influence,Opex - IT,33076.97,32266.67,810.3,0.025113,U,False,,,
2024-07,Digital/Influence,Opex - IT,37328.9,32320.0,5008.9,0.154978,U,False,,,
2024-08,Digital/Influence,Opex - IT,33976.9,32373.33,1603.57,0.049534,U,False,,,
2024-09,Digital/Influence,Opex - IT,36144.62,32426.67,3717.95,0.114657,U,False,,,
2024-10,Digital/Influence,Opex - IT,30267.37,32480.0,-2212.63,-0.068123,F,False,,,
2024-11,Digital/Influence,Opex - IT,34968.25,32533.33,2434.92,0.074844,U,False,,,
2024-12,Digital/Influence,Opex - IT,30711.03,32586.67,-1875.64,-0.057559,F,False,,,
2025-01,Digital/Influence,Opex - IT,33854.42,32640.0,1214.42,0.037206,U,False,,,
2025-02,Digital/Influence,Opex - IT,34441.32,32693.33,1747.99,0.053466,U,False,,,
2025-03,Digital/Influence,Opex - IT,32245.4,32746.67,-501.27,-0.015308,F,False,,,
2025-04,Digital/Influence,Opex - IT,31850.71,32800.0,-949.29,-0.028942,F,False,,,
2025-05,Digital/Influence,Opex - IT,35870.09,32853.33,3016.76,0.091825,U,False,,,
2025-06,Digital/Influence,Opex - IT,32239.64,32906.67,-667.03,-0.02027,F,False,,,
2025-07,Digital/Influence,Opex - IT,34427.47,32960.0,1467.47,0.044523,U,False,,,
2025-08,Digital/Influence,Opex - IT,29726.6,33013.33,-3286.73,-0.099558,F,False,,,
2025-09,Digital/Influence,Opex - IT,35022.66,33066.67,1955.99,0.059153,U,False,,,
2025-10,Digital/Influence,Opex - IT,33814.29,33120.0,694.29,0.020963,U,False,,,
2025-11,Digital/Influence,Opex - IT,34137.89,33173.33,964.56,0.029076,U,False,,,
2025-12,Digital/Influence,Opex - IT,30099.07,33226.67,-3127.6,-0.094129,F,False,,,
2026-01,Digital/Influence,Opex - IT,28882.36,33280.0,-4397.64,-0.132141,F,False,,,
2026-02,Digital/Influence,Opex - IT,34707.76,33333.33,1374.43,0.041233,U,False,,,
2026-03,Digital/Influence,Opex - IT,34583.51,33386.67,1196.84,0.035848,U,False,,,
2026-04,Digital/Influence,Opex - IT,31282.19,33440.0,-2157.81,-0.064528,F,False,,,
2026-05,Digital/Influence,Opex - IT,33579.36,33493.33,86.03,0.002569,U,False,,,
2026-06,Digital/Influence,Opex - IT,30754.01,33546.67,-2792.66,-0.083247,F,False,,,
2024-01,Digital/Influence,Opex - Marketing,9950.16,10920.0,-969.84,-0.088813,F,False,,,
2024-02,Digital/Influence,Opex - Marketing,11815.46,11280.0,535.46,0.04747,U,False,,,
2024-03,Digital/Influence,Opex - Marketing,10878.41,11640.0,-761.59,-0.065429,F,False,,,
2024-04,Digital/Influence,Opex - Marketing,10688.02,12540.0,-1851.98,-0.147686,F,False,,,
2024-05,Digital/Influence,Opex - Marketing,15416.81,12900.0,2516.81,0.195102,U,False,,,
2024-06,Digital/Influence,Opex - Marketing,12687.1,12720.0,-32.9,-0.002586,F,False,,,
2024-07,Digital/Influence,Opex - Marketing,11124.0,11460.0,-336.0,-0.029319,F,False,,,
2024-08,Digital/Influence,Opex - Marketing,10755.7,10560.0,195.7,0.018532,U,False,,,
2024-09,Digital/Influence,Opex - Marketing,12083.68,11820.0,263.68,0.022308,U,False,,,
2024-10,Digital/Influence,Opex - Marketing,13267.34,12720.0,547.34,0.04303,U,False,,,
2024-11,Digital/Influence,Opex - Marketing,12676.26,13080.0,-403.74,-0.030867,F,False,,,
2024-12,Digital/Influence,Opex - Marketing,13466.45,12360.0,1106.45,0.089519,U,False,,,
2025-01,Digital/Influence,Opex - Marketing,10308.95,10920.0,-611.05,-0.055957,F,False,,,
2025-02,Digital/Influence,Opex - Marketing,11668.76,11280.0,388.76,0.034465,U,False,,,
2025-03,Digital/Influence,Opex - Marketing,13194.85,11640.0,1554.85,0.133578,U,False,,,
2025-04,Digital/Influence,Opex - Marketing,14502.16,12540.0,1962.16,0.156472,U,False,,,
2025-05,Digital/Influence,Opex - Marketing,12204.99,12900.0,-695.01,-0.053877,F,False,,,
2025-06,Digital/Influence,Opex - Marketing,12492.02,12720.0,-227.98,-0.017923,F,False,,,
2025-07,Digital/Influence,Opex - Marketing,11901.25,11460.0,441.25,0.038503,U,False,,,
2025-08,Digital/Influence,Opex - Marketing,9469.93,10560.0,-1090.07,-0.103226,F,False,,,
2025-09,Digital/Influence,Opex - Marketing,12884.02,11820.0,1064.02,0.090019,U,False,,,
2025-10,Digital/Influence,Opex - Marketing,12633.53,12720.0,-86.47,-0.006798,F,False,,,
2025-11,Digital/Influence,Opex - Marketing,12749.71,13080.0,-330.29,-0.025252,F,False,,,
2025-12,Digital/Influence,Opex - Marketing,14828.66,12360.0,2468.66,0.19973,U,False,,,
2026-01,Digital/Influence,Opex - Marketing,12908.86,10920.0,1988.86,0.18213,U,False,,,
2026-02,Digital/Influence,Opex - Marketing,9277.84,11280.0,-2002.16,-0.177496,F,False,,,
2026-03,Digital/Influence,Opex - Marketing,12528.05,11640.0,888.05,0.076293,U,False,,,
2026-04,Digital/Influence,Opex - Marketing,13099.69,12540.0,559.69,0.044632,U,False,,,
2026-05,Digital/Influence,Opex - Marketing,12331.56,12900.0,-568.44,-0.044065,F,False,,,
2026-06,Digital/Influence,Opex - Marketing,14453.28,12720.0,1733.28,0.136264,U,False,,,
2024-01,Digital/Influence,Opex - Travel,3876.36,4550.0,-673.64,-0.148053,F,False,,,
2024-02,Digital/Influence,Opex - Travel,4210.94,4700.0,-489.06,-0.104055,F,False,,,
2024-03,Digital/Influence,Opex - Travel,4331.17,4850.0,-518.83,-0.106975,F,False,,,
2024-04,Digital/Influence,Opex - Travel,5045.89,5225.0,-179.11,-0.034279,F,False,,,
2024-05,Digital/Influence,Opex - Travel,5562.47,5375.0,187.47,0.034878,U,False,,,
2024-06,Digital/Influence,Opex - Travel,5476.53,5300.0,176.53,0.033308,U,False,,,
2024-07,Digital/Influence,Opex - Travel,4555.98,4775.0,-219.02,-0.045868,F,False,,,
2024-08,Digital/Influence,Opex - Travel,4274.88,4400.0,-125.12,-0.028436,F,False,,,
2024-09,Digital/Influence,Opex - Travel,6204.35,4925.0,1279.35,0.259766,U,False,,,
2024-10,Digital/Influence,Opex - Travel,4886.87,5300.0,-413.13,-0.077949,F,False,,,
2024-11,Digital/Influence,Opex - Travel,5697.41,5450.0,247.41,0.045396,U,False,,,
2024-12,Digital/Influence,Opex - Travel,5852.39,5150.0,702.39,0.136386,U,False,,,
2025-01,Digital/Influence,Opex - Travel,4747.87,4550.0,197.87,0.043488,U,False,,,
2025-02,Digital/Influence,Opex - Travel,5071.68,4700.0,371.68,0.079081,U,False,,,
2025-03,Digital/Influence,Opex - Travel,4419.47,4850.0,-430.53,-0.088769,F,False,,,
2025-04,Digital/Influence,Opex - Travel,5359.92,5225.0,134.92,0.025822,U,False,,,
2025-05,Digital/Influence,Opex - Travel,5717.64,5375.0,342.64,0.063747,U,False,,,
2025-06,Digital/Influence,Opex - Travel,5431.26,5300.0,131.26,0.024766,U,False,,,
2025-07,Digital/Influence,Opex - Travel,5091.42,4775.0,316.42,0.066266,U,False,,,
2025-08,Digital/Influence,Opex - Travel,4068.45,4400.0,-331.55,-0.075352,F,False,,,
2025-09,Digital/Influence,Opex - Travel,4547.97,4925.0,-377.03,-0.076554,F,False,,,
2025-10,Digital/Influence,Opex - Travel,4532.49,5300.0,-767.51,-0.144813,F,False,,,
2025-11,Digital/Influence,Opex - Travel,6130.13,5450.0,680.13,0.124794,U,False,,,
2025-12,Digital/Influence,Opex - Travel,5517.91,5150.0,367.91,0.071439,U,False,,,
2026-01,Digital/Influence,Opex - Travel,4663.31,4550.0,113.31,0.024903,U,False,,,
2026-02,Digital/Influence,Opex - Travel,4813.58,4700.0,113.58,0.024166,U,False,,,
2026-03,Digital/Influence,Opex - Travel,5112.45,4850.0,262.45,0.054113,U,False,,,
2026-04,Digital/Influence,Opex - Travel,4481.1,5225.0,-743.9,-0.142373,F,False,,,
2026-05,Digital/Influence,Opex - Travel,6155.01,5375.0,780.01,0.145118,U,False,,,
2026-06,Digital/Influence,Opex - Travel,5081.83,5300.0,-218.17,-0.041164,F,False,,,
2024-01,Digital/Influence,Payroll,248263.14,251250.0,-2986.86,-0.011888,F,False,,,
2024-02,Digital/Influence,Payroll,253848.48,251869.65,1978.83,0.007857,U,False,,,
2024-03,Digital/Influence,Payroll,249794.73,252490.83,-2696.1,-0.010678,F,False,,,
2024-04,Digital/Influence,Payroll,259799.09,253113.54,6685.55,0.026413,U,False,,,
2024-05,Digital/Influence,Payroll,253072.29,253737.79,-665.5,-0.002623,F,False,,,
2024-06,Digital/Influence,Payroll,250061.46,254363.57,-4302.11,-0.016913,F,False,,,
2024-07,Digital/Influence,Payroll,249292.44,254990.9,-5698.46,-0.022348,F,False,,,
2024-08,Digital/Influence,Payroll,253538.63,255619.78,-2081.15,-0.008142,F,False,,,
2024-09,Digital/Influence,Payroll,256282.69,256250.2,32.49,0.000127,U,False,,,
2024-10,Digital/Influence,Payroll,256006.69,256882.19,-875.5,-0.003408,F,False,,,
2024-11,Digital/Influence,Payroll,256041.46,257515.73,-1474.27,-0.005725,F,False,,,
2024-12,Digital/Influence,Payroll,250431.81,258150.83,-7719.02,-0.029901,F,False,,,
2025-01,Digital/Influence,Payroll,271314.96,258787.5,12527.46,0.048408,U,False,,,
2025-02,Digital/Influence,Payroll,258979.01,259425.74,-446.73,-0.001722,F,False,,,
2025-03,Digital/Influence,Payroll,255019.5,260065.55,-5046.05,-0.019403,F,False,,,
2025-04,Digital/Influence,Payroll,261392.53,260706.95,685.58,0.00263,U,False,,,
2025-05,Digital/Influence,Payroll,253165.7,261349.92,-8184.22,-0.031315,F,False,,,
2025-06,Digital/Influence,Payroll,257665.13,261994.48,-4329.35,-0.016525,F,False,,,
2025-07,Digital/Influence,Payroll,266353.58,262640.63,3712.95,0.014137,U,False,,,
2025-08,Digital/Influence,Payroll,261671.34,263288.37,-1617.03,-0.006142,F,False,,,
2025-09,Digital/Influence,Payroll,264207.68,263937.71,269.97,0.001023,U,False,,,
2025-10,Digital/Influence,Payroll,265583.37,264588.65,994.72,0.003759,U,False,,,
2025-11,Digital/Influence,Payroll,272329.43,265241.2,7088.23,0.026724,U,False,,,
2025-12,Digital/Influence,Payroll,260193.85,265895.36,-5701.51,-0.021443,F,False,,,
2026-01,Digital/Influence,Payroll,260034.62,266551.12,-6516.5,-0.024447,F,False,,,
2026-02,Digital/Influence,Payroll,271551.19,267208.51,4342.68,0.016252,U,False,,,
2026-03,Digital/Influence,Payroll,264456.95,267867.52,-3410.57,-0.012732,F,False,,,
2026-04,Digital/Influence,Payroll,269791.72,268528.15,1263.57,0.004706,U,False,,,
2026-05,Digital/Influence,Payroll,265884.88,269190.42,-3305.54,-0.01228,F,False,,,
2026-06,Digital/Influence,Payroll,266975.22,269854.31,-2879.09,-0.010669,F,False,,,
2024-01,Digital/Influence,Social charges,112506.97,115575.0,-3068.03,-0.026546,F,False,,,
2024-02,Digital/Influence,Social charges,116935.1,115860.04,1075.06,0.009279,U,False,,,
2024-03,Digital/Influence,Social charges,115067.49,116145.78,-1078.29,-0.009284,F,False,,,
2024-04,Digital/Influence,Social charges,120155.85,116432.23,3723.62,0.031981,U,False,,,
2024-05,Digital/Influence,Social charges,118041.0,116719.38,1321.62,0.011323,U,False,,,
2024-06,Digital/Influence,Social charges,116136.79,117007.24,-870.45,-0.007439,F,False,,,
2024-07,Digital/Influence,Social charges,114251.89,117295.81,-3043.92,-0.025951,F,False,,,
2024-08,Digital/Influence,Social charges,115540.0,117585.1,-2045.1,-0.017393,F,False,,,
2024-09,Digital/Influence,Social charges,118334.06,117875.09,458.97,0.003894,U,False,,,
2024-10,Digital/Influence,Social charges,118019.1,118165.81,-146.71,-0.001242,F,False,,,
2024-11,Digital/Influence,Social charges,115928.56,118457.23,-2528.67,-0.021347,F,False,,,
2024-12,Digital/Influence,Social charges,115972.53,118749.38,-2776.85,-0.023384,F,False,,,
2025-01,Digital/Influence,Social charges,125382.45,119042.25,6340.2,0.05326,U,False,,,
2025-02,Digital/Influence,Social charges,120494.43,119335.84,1158.59,0.009709,U,False,,,
2025-03,Digital/Influence,Social charges,116393.93,119630.15,-3236.22,-0.027052,F,False,,,
2025-04,Digital/Influence,Social charges,119676.01,119925.19,-249.18,-0.002078,F,False,,,
2025-05,Digital/Influence,Social charges,117697.47,120220.96,-2523.49,-0.02099,F,False,,,
2025-06,Digital/Influence,Social charges,120383.69,120517.46,-133.77,-0.00111,F,False,,,
2025-07,Digital/Influence,Social charges,122980.6,120814.69,2165.91,0.017928,U,False,,,
2025-08,Digital/Influence,Social charges,121177.66,121112.65,65.01,0.000537,U,False,,,
2025-09,Digital/Influence,Social charges,120896.71,121411.35,-514.64,-0.004239,F,False,,,
2025-10,Digital/Influence,Social charges,123523.32,121710.78,1812.54,0.014892,U,False,,,
2025-11,Digital/Influence,Social charges,126885.12,122010.95,4874.17,0.039949,U,False,,,
2025-12,Digital/Influence,Social charges,121242.14,122311.86,-1069.72,-0.008746,F,False,,,
2026-01,Digital/Influence,Social charges,119161.28,122613.52,-3452.24,-0.028155,F,False,,,
2026-02,Digital/Influence,Social charges,123061.79,122915.92,145.87,0.001187,U,False,,,
2026-03,Digital/Influence,Social charges,124533.0,123219.06,1313.94,0.010663,U,False,,,
2026-04,Digital/Influence,Social charges,122674.54,123522.95,-848.41,-0.006868,F,False,,,
2026-05,Digital/Influence,Social charges,123310.52,123827.59,-517.07,-0.004176,F,False,,,
2026-06,Digital/Influence,Social charges,124392.63,124132.98,259.65,0.002092,U,False,,,
2024-01,Government & Institutions,Bonuses and profit sharing,17416.22,17100.0,316.22,0.018492,U,False,,,
2024-02,Government & Institutions,Bonuses and profit sharing,17619.12,17142.17,476.95,0.027823,U,False,,,
2024-03,Government & Institutions,Bonuses and profit sharing,16711.99,17184.45,-472.46,-0.027493,F,False,,,
2024-04,Government & Institutions,Bonuses and profit sharing,17964.35,17226.83,737.52,0.042812,U,False,,,
2024-05,Government & Institutions,Bonuses and profit sharing,17056.75,17269.32,-212.57,-0.012309,F,False,,,
2024-06,Government & Institutions,Bonuses and profit sharing,18411.89,17311.91,1099.98,0.063539,U,False,,,
2024-07,Government & Institutions,Bonuses and profit sharing,18073.21,17354.6,718.61,0.041407,U,False,,,
2024-08,Government & Institutions,Bonuses and profit sharing,17833.82,17397.41,436.41,0.025085,U,False,,,
2024-09,Government & Institutions,Bonuses and profit sharing,17645.78,17440.31,205.47,0.011781,U,False,,,
2024-10,Government & Institutions,Bonuses and profit sharing,17851.15,17483.32,367.83,0.021039,U,False,,,
2024-11,Government & Institutions,Bonuses and profit sharing,17497.9,17526.44,-28.54,-0.001628,F,False,,,
2024-12,Government & Institutions,Bonuses and profit sharing,19446.86,17569.67,1877.19,0.106843,U,False,,,
2025-01,Government & Institutions,Bonuses and profit sharing,17042.59,17613.0,-570.41,-0.032386,F,False,,,
2025-02,Government & Institutions,Bonuses and profit sharing,17319.8,17656.44,-336.64,-0.019066,F,False,,,
2025-03,Government & Institutions,Bonuses and profit sharing,17397.56,17699.98,-302.42,-0.017086,F,False,,,
2025-04,Government & Institutions,Bonuses and profit sharing,15520.29,17743.64,-2223.35,-0.125304,F,False,,,
2025-05,Government & Institutions,Bonuses and profit sharing,17084.92,17787.4,-702.48,-0.039493,F,False,,,
2025-06,Government & Institutions,Bonuses and profit sharing,16569.32,17831.27,-1261.95,-0.070772,F,False,,,
2025-07,Government & Institutions,Bonuses and profit sharing,19039.31,17875.24,1164.07,0.065122,U,False,,,
2025-08,Government & Institutions,Bonuses and profit sharing,19499.11,17919.33,1579.78,0.088161,U,False,,,
2025-09,Government & Institutions,Bonuses and profit sharing,18265.98,17963.52,302.46,0.016837,U,False,,,
2025-10,Government & Institutions,Bonuses and profit sharing,18310.25,18007.82,302.43,0.016794,U,False,,,
2025-11,Government & Institutions,Bonuses and profit sharing,18210.17,18052.24,157.93,0.008748,U,False,,,
2025-12,Government & Institutions,Bonuses and profit sharing,18286.59,18096.76,189.83,0.01049,U,False,,,
2026-01,Government & Institutions,Bonuses and profit sharing,17739.85,18141.39,-401.54,-0.022134,F,False,,,
2026-02,Government & Institutions,Bonuses and profit sharing,17656.59,18186.13,-529.54,-0.029118,F,False,,,
2026-03,Government & Institutions,Bonuses and profit sharing,18085.42,18230.98,-145.56,-0.007984,F,False,,,
2026-04,Government & Institutions,Bonuses and profit sharing,17794.73,18275.95,-481.22,-0.026331,F,False,,,
2026-05,Government & Institutions,Bonuses and profit sharing,17542.39,18321.02,-778.63,-0.042499,F,False,,,
2026-06,Government & Institutions,Bonuses and profit sharing,17259.09,18366.2,-1107.11,-0.06028,F,False,,,
2024-01,Government & Institutions,Cost of sales,463719.75,408333.33,55386.42,0.13564,U,False,single,,"January carried final supplier invoices for a December 2023 conference that arrived after the prior-year cut-off. Timing across the year-end, no change to the full-year run-rate. (FP&A Analyst, 2024-02-09)"
2024-02,Government & Institutions,Cost of sales,447255.14,468194.41,-20939.27,-0.044723,F,False,,,
2024-03,Government & Institutions,Cost of sales,518054.7,528443.05,-10388.35,-0.019658,F,False,,,
2024-04,Government & Institutions,Cost of sales,693944.91,677443.33,16501.58,0.024359,U,False,,,
2024-05,Government & Institutions,Cost of sales,778476.07,738762.07,39714.0,0.053757,U,False,,,
2024-06,Government & Institutions,Cost of sales,629820.85,711533.36,-81712.51,-0.11484,F,False,single,,"The June conference was held in a client-owned venue instead of the hired venue assumed in budget; venue and catering pass-through came in under plan. A saving, not timing. (FP&A Analyst, 2024-07-09)"
2024-07,Government & Institutions,Cost of sales,474762.29,505652.77,-30890.48,-0.06109,F,False,,,
2024-08,Government & Institutions,Cost of sales,360911.95,358099.87,2812.08,0.007853,U,False,,,
2024-09,Government & Institutions,Cost of sales,609060.89,568847.64,40213.25,0.070692,U,False,,,
2024-10,Government & Institutions,Cost of sales,629154.38,720896.71,-91742.33,-0.127261,F,False,single,,"Delivery costs of the two milestones that slipped into November were held back with them; see the matching revenue variance. Timing only. (FP&A Analyst, 2024-11-08)"
2024-11,Government & Institutions,Cost of sales,823076.2,783528.13,39548.07,0.050474,U,False,,,
2024-12,Government & Institutions,Cost of sales,680702.46,665155.79,15546.67,0.023373,U,False,,,
2025-01,Government & Institutions,Cost of sales,409974.84,424666.67,-14691.83,-0.034596,F,False,,,
2025-02,Government & Institutions,Cost of sales,490921.51,486922.19,3999.32,0.008213,U,False,,,
2025-03,Government & Institutions,Cost of sales,506646.25,549580.78,-42934.53,-0.078122,F,False,,,
2025-04,Government & Institutions,Cost of sales,721157.15,704541.06,16616.09,0.023584,U,False,,,
2025-05,Government & Institutions,Cost of sales,701984.38,768312.55,-66328.17,-0.08633,F,False,,,
2025-06,Government & Institutions,Cost of sales,707111.0,739994.69,-32883.69,-0.044438,F,False,,,
2025-07,Government & Institutions,Cost of sales,510244.77,525878.88,-15634.11,-0.029729,F,False,,,
2025-08,Government & Institutions,Cost of sales,386903.03,372423.86,14479.17,0.038878,U,False,,,
2025-09,Government & Institutions,Cost of sales,660218.01,591601.54,68616.47,0.115984,U,False,single,,
2025-10,Government & Institutions,Cost of sales,765537.88,749732.58,15805.3,0.021081,U,False,,,
2025-11,Government & Institutions,Cost of sales,819392.49,814869.26,4523.23,0.005551,U,False,,,
2025-12,Government & Institutions,Cost of sales,655146.69,691762.02,-36615.33,-0.052931,F,False,,,
2026-01,Government & Institutions,Cost of sales,464667.9,441653.33,23014.57,0.05211,U,False,,,
2026-02,Government & Institutions,Cost of sales,532837.65,506399.08,26438.57,0.052209,U,False,,,
2026-03,Government & Institutions,Cost of sales,572957.28,571564.01,1393.27,0.002438,U,False,,,
2026-04,Government & Institutions,Cost of sales,684327.88,732722.7,-48394.82,-0.066048,F,False,,,
2026-05,Government & Institutions,Cost of sales,798397.83,799045.05,-647.22,-0.00081,F,False,,,
2026-06,Government & Institutions,Cost of sales,743611.27,769594.48,-25983.21,-0.033762,F,False,,,
2024-01,Government & Institutions,Depreciation,4012.89,4000.0,12.89,0.003222,U,False,,,
2024-02,Government & Institutions,Depreciation,4035.37,4010.0,25.37,0.006327,U,False,,,
2024-03,Government & Institutions,Depreciation,4013.95,4020.0,-6.05,-0.001505,F,False,,,
2024-04,Government & Institutions,Depreciation,4014.77,4030.0,-15.23,-0.003779,F,False,,,
2024-05,Government & Institutions,Depreciation,4026.35,4040.0,-13.65,-0.003379,F,False,,,
2024-06,Government & Institutions,Depreciation,4031.66,4050.0,-18.34,-0.004528,F,False,,,
2024-07,Government & Institutions,Depreciation,4074.84,4060.0,14.84,0.003655,U,False,,,
2024-08,Government & Institutions,Depreciation,4037.36,4070.0,-32.64,-0.00802,F,False,,,
2024-09,Government & Institutions,Depreciation,4040.27,4080.0,-39.73,-0.009738,F,False,,,
2024-10,Government & Institutions,Depreciation,4084.19,4090.0,-5.81,-0.001421,F,False,,,
2024-11,Government & Institutions,Depreciation,4076.83,4100.0,-23.17,-0.005651,F,False,,,
2024-12,Government & Institutions,Depreciation,4109.57,4110.0,-0.43,-0.000105,F,False,,,
2025-01,Government & Institutions,Depreciation,4117.77,4120.0,-2.23,-0.000541,F,False,,,
2025-02,Government & Institutions,Depreciation,4146.95,4130.0,16.95,0.004104,U,False,,,
2025-03,Government & Institutions,Depreciation,4183.9,4140.0,43.9,0.010604,U,False,,,
2025-04,Government & Institutions,Depreciation,4128.84,4150.0,-21.16,-0.005099,F,False,,,
2025-05,Government & Institutions,Depreciation,4157.26,4160.0,-2.74,-0.000659,F,False,,,
2025-06,Government & Institutions,Depreciation,4168.12,4170.0,-1.88,-0.000451,F,False,,,
2025-07,Government & Institutions,Depreciation,4182.06,4180.0,2.06,0.000493,U,False,,,
2025-08,Government & Institutions,Depreciation,4161.58,4190.0,-28.42,-0.006783,F,False,,,
2025-09,Government & Institutions,Depreciation,4190.07,4200.0,-9.93,-0.002364,F,False,,,
2025-10,Government & Institutions,Depreciation,4187.5,4210.0,-22.5,-0.005344,F,False,,,
2025-11,Government & Institutions,Depreciation,4251.11,4220.0,31.11,0.007372,U,False,,,
2025-12,Government & Institutions,Depreciation,4214.12,4230.0,-15.88,-0.003754,F,False,,,
2026-01,Government & Institutions,Depreciation,4291.78,4240.0,51.78,0.012212,U,False,,,
2026-02,Government & Institutions,Depreciation,4230.8,4250.0,-19.2,-0.004518,F,False,,,
2026-03,Government & Institutions,Depreciation,4271.92,4260.0,11.92,0.002798,U,False,,,
2026-04,Government & Institutions,Depreciation,4284.6,4270.0,14.6,0.003419,U,False,,,
2026-05,Government & Institutions,Depreciation,4310.25,4280.0,30.25,0.007068,U,False,,,
2026-06,Government & Institutions,Depreciation,4316.62,4290.0,26.62,0.006205,U,False,,,
2024-01,Government & Institutions,Net billings,630319.0,583333.33,46985.67,0.080547,F,False,,,
2024-02,Government & Institutions,Net billings,631614.73,668849.16,-37234.43,-0.055669,U,False,,,
2024-03,Government & Institutions,Net billings,742185.99,754918.65,-12732.66,-0.016866,U,False,,,
2024-04,Government & Institutions,Net billings,959348.17,967776.18,-8428.01,-0.008709,U,False,,,
2024-05,Government & Institutions,Net billings,1119357.44,1055374.38,63983.06,0.060626,F,False,,,
2024-06,Government & Institutions,Net billings,929788.48,1016476.22,-86687.74,-0.085283,U,False,,,
2024-07,Government & Institutions,Net billings,696577.33,722361.1,-25783.77,-0.035694,U,False,,,
2024-08,Government & Institutions,Net billings,507301.46,511571.24,-4269.78,-0.008346,U,False,,,
2024-09,Government & Institutions,Net billings,844771.32,812639.48,32131.84,0.03954,F,False,,,
2024-10,Government & Institutions,Net billings,913902.53,1029852.45,-115949.92,-0.112589,U,False,single,,"Two institutional clients pushed their October milestone invoicing into November after a budget-cycle approval delay on their side. Timing only. (FP&A Analyst, 2024-11-08)"
2024-11,Government & Institutions,Net billings,1181614.48,1119325.91,62288.57,0.055648,F,False,,,
2024-12,Government & Institutions,Net billings,976759.84,950222.55,26537.29,0.027927,F,False,,,
2025-01,Government & Institutions,Net billings,600275.74,606666.67,-6390.93,-0.010534,U,False,,,
2025-02,Government & Institutions,Net billings,734835.8,695603.13,39232.67,0.056401,F,False,,,
2025-03,Government & Institutions,Net billings,740357.5,785115.39,-44757.89,-0.057008,U,False,,,
2025-04,Government & Institutions,Net billings,1014444.47,1006487.23,7957.24,0.007906,F,False,,,
2025-05,Government & Institutions,Net billings,1041578.11,1097589.35,-56011.24,-0.051031,U,False,,,
2025-06,Government & Institutions,Net billings,1009927.28,1057135.27,-47207.99,-0.044657,U,False,,,
2025-07,Government & Institutions,Net billings,716665.84,751255.54,-34589.7,-0.046043,U,False,,,
2025-08,Government & Institutions,Net billings,548976.88,532034.09,16942.79,0.031845,F,False,,,
2025-09,Government & Institutions,Net billings,918207.66,845145.06,73062.6,0.08645,F,False,,,
2025-10,Government & Institutions,Net billings,1092306.35,1071046.54,21259.81,0.01985,F,False,,,
2025-11,Government & Institutions,Net billings,1164765.12,1164098.94,666.18,0.000572,F,False,,,
2025-12,Government & Institutions,Net billings,926451.4,988231.45,-61780.05,-0.062516,U,False,,,
2026-01,Government & Institutions,Net billings,663295.07,630933.33,32361.74,0.051292,F,False,,,
2026-02,Government & Institutions,Net billings,763215.01,723427.25,39787.76,0.054999,F,False,,,
2026-03,Government & Institutions,Net billings,826844.28,816520.01,10324.27,0.012644,F,False,,,
2026-04,Government & Institutions,Net billings,987112.04,1046746.72,-59634.68,-0.056971,U,False,,,
2026-05,Government & Institutions,Net billings,1143257.52,1141492.93,1764.59,0.001546,F,False,,,
2026-06,Government & Institutions,Net billings,1078542.33,1099421.0,-20878.67,-0.018991,U,False,,,
2024-01,Government & Institutions,Opex - Facilities,16153.85,16200.0,-46.15,-0.002849,F,False,,,
2024-02,Government & Institutions,Opex - Facilities,16262.09,16220.25,41.84,0.002579,U,False,,,
2024-03,Government & Institutions,Opex - Facilities,16690.64,16240.5,450.14,0.027717,U,False,,,
2024-04,Government & Institutions,Opex - Facilities,16304.02,16260.75,43.27,0.002661,U,False,,,
2024-05,Government & Institutions,Opex - Facilities,16261.08,16281.0,-19.92,-0.001224,F,False,,,
2024-06,Government & Institutions,Opex - Facilities,16367.85,16301.25,66.6,0.004086,U,False,,,
2024-07,Government & Institutions,Opex - Facilities,16296.08,16321.5,-25.42,-0.001557,F,False,,,
2024-08,Government & Institutions,Opex - Facilities,16224.31,16341.75,-117.44,-0.007187,F,False,,,
2024-09,Government & Institutions,Opex - Facilities,16595.66,16362.0,233.66,0.014281,U,False,,,
2024-10,Government & Institutions,Opex - Facilities,16332.83,16382.25,-49.42,-0.003017,F,False,,,
2024-11,Government & Institutions,Opex - Facilities,16178.46,16402.5,-224.04,-0.013659,F,False,,,
2024-12,Government & Institutions,Opex - Facilities,16419.77,16422.75,-2.98,-0.000181,F,False,,,
2025-01,Government & Institutions,Opex - Facilities,16419.28,16443.0,-23.72,-0.001443,F,False,,,
2025-02,Government & Institutions,Opex - Facilities,16652.74,16463.25,189.49,0.01151,U,False,,,
2025-03,Government & Institutions,Opex - Facilities,16552.27,16483.5,68.77,0.004172,U,False,,,
2025-04,Government & Institutions,Opex - Facilities,16797.78,16503.75,294.03,0.017816,U,False,,,
2025-05,Government & Institutions,Opex - Facilities,16431.87,16524.0,-92.13,-0.005576,F,False,,,
2025-06,Government & Institutions,Opex - Facilities,16826.18,16544.25,281.93,0.017041,U,False,,,
2025-07,Government & Institutions,Opex - Facilities,16748.37,16564.5,183.87,0.0111,U,False,,,
2025-08,Government & Institutions,Opex - Facilities,17003.14,16584.75,418.39,0.025227,U,False,,,
2025-09,Government & Institutions,Opex - Facilities,16332.64,16605.0,-272.36,-0.016402,F,False,,,
2025-10,Government & Institutions,Opex - Facilities,16848.25,16625.25,223.0,0.013413,U,False,,,
2025-11,Government & Institutions,Opex - Facilities,16459.21,16645.5,-186.29,-0.011192,F,False,,,
2025-12,Government & Institutions,Opex - Facilities,16930.54,16665.75,264.79,0.015888,U,False,,,
2026-01,Government & Institutions,Opex - Facilities,17008.21,16686.0,322.21,0.01931,U,False,,,
2026-02,Government & Institutions,Opex - Facilities,16561.43,16706.25,-144.82,-0.008669,F,False,,,
2026-03,Government & Institutions,Opex - Facilities,16795.05,16726.5,68.55,0.004098,U,False,,,
2026-04,Government & Institutions,Opex - Facilities,16754.06,16746.75,7.31,0.000437,U,False,,,
2026-05,Government & Institutions,Opex - Facilities,16483.36,16767.0,-283.64,-0.016917,F,False,,,
2026-06,Government & Institutions,Opex - Facilities,16702.66,16787.25,-84.59,-0.005039,F,False,,,
2024-01,Government & Institutions,Opex - G&A,10629.06,11000.0,-370.94,-0.033722,F,False,,,
2024-02,Government & Institutions,Opex - G&A,11540.61,11018.33,522.28,0.047401,U,False,,,
2024-03,Government & Institutions,Opex - G&A,11274.33,11036.67,237.66,0.021534,U,False,,,
2024-04,Government & Institutions,Opex - G&A,10692.1,11055.0,-362.9,-0.032827,F,False,,,
2024-05,Government & Institutions,Opex - G&A,10805.24,11073.33,-268.09,-0.02421,F,False,,,
2024-06,Government & Institutions,Opex - G&A,10760.27,11091.67,-331.4,-0.029878,F,False,,,
2024-07,Government & Institutions,Opex - G&A,11212.41,11110.0,102.41,0.009218,U,False,,,
2024-08,Government & Institutions,Opex - G&A,10975.05,11128.33,-153.28,-0.013774,F,False,,,
2024-09,Government & Institutions,Opex - G&A,11261.27,11146.67,114.6,0.010281,U,False,,,
2024-10,Government & Institutions,Opex - G&A,10990.87,11165.0,-174.13,-0.015596,F,False,,,
2024-11,Government & Institutions,Opex - G&A,11029.68,11183.33,-153.65,-0.013739,F,False,,,
2024-12,Government & Institutions,Opex - G&A,11526.01,11201.67,324.34,0.028955,U,False,,,
2025-01,Government & Institutions,Opex - G&A,11430.87,11220.0,210.87,0.018794,U,False,,,
2025-02,Government & Institutions,Opex - G&A,10724.23,11238.33,-514.1,-0.045745,F,False,,,
2025-03,Government & Institutions,Opex - G&A,10944.02,11256.67,-312.65,-0.027775,F,False,,,
2025-04,Government & Institutions,Opex - G&A,11228.94,11275.0,-46.06,-0.004085,F,False,,,
2025-05,Government & Institutions,Opex - G&A,11312.72,11293.33,19.39,0.001717,U,False,,,
2025-06,Government & Institutions,Opex - G&A,10379.5,11311.67,-932.17,-0.082408,F,False,,,
2025-07,Government & Institutions,Opex - G&A,11774.65,11330.0,444.65,0.039245,U,False,,,
2025-08,Government & Institutions,Opex - G&A,10927.72,11348.33,-420.61,-0.037064,F,False,,,
2025-09,Government & Institutions,Opex - G&A,11980.49,11366.67,613.82,0.054002,U,False,,,
2025-10,Government & Institutions,Opex - G&A,11179.28,11385.0,-205.72,-0.018069,F,False,,,
2025-11,Government & Institutions,Opex - G&A,10597.05,11403.33,-806.28,-0.070706,F,False,,,
2025-12,Government & Institutions,Opex - G&A,11899.74,11421.67,478.07,0.041856,U,False,,,
2026-01,Government & Institutions,Opex - G&A,11658.27,11440.0,218.27,0.01908,U,False,,,
2026-02,Government & Institutions,Opex - G&A,12426.65,11458.33,968.32,0.084508,U,False,,,
2026-03,Government & Institutions,Opex - G&A,11948.69,11476.67,472.02,0.041129,U,False,,,
2026-04,Government & Institutions,Opex - G&A,11426.4,11495.0,-68.6,-0.005968,F,False,,,
2026-05,Government & Institutions,Opex - G&A,11060.93,11513.33,-452.4,-0.039294,F,False,,,
2026-06,Government & Institutions,Opex - G&A,11521.43,11531.67,-10.24,-0.000888,F,False,,,
2024-01,Government & Institutions,Opex - IT,14656.53,15000.0,-343.47,-0.022898,F,False,,,
2024-02,Government & Institutions,Opex - IT,17492.33,15025.0,2467.33,0.164215,U,False,,,
2024-03,Government & Institutions,Opex - IT,14579.88,15050.0,-470.12,-0.031237,F,False,,,
2024-04,Government & Institutions,Opex - IT,14026.93,15075.0,-1048.07,-0.069524,F,False,,,
2024-05,Government & Institutions,Opex - IT,14686.45,15100.0,-413.55,-0.027387,F,False,,,
2024-06,Government & Institutions,Opex - IT,16074.66,15125.0,949.66,0.062787,U,False,,,
2024-07,Government & Institutions,Opex - IT,15659.27,15150.0,509.27,0.033615,U,False,,,
2024-08,Government & Institutions,Opex - IT,14646.42,15175.0,-528.58,-0.034832,F,False,,,
2024-09,Government & Institutions,Opex - IT,14901.15,15200.0,-298.85,-0.019661,F,False,,,
2024-10,Government & Institutions,Opex - IT,14110.34,15225.0,-1114.66,-0.073212,F,False,,,
2024-11,Government & Institutions,Opex - IT,39366.12,15250.0,24116.12,1.581385,U,False,single,N06,
2024-12,Government & Institutions,Opex - IT,14010.13,15275.0,-1264.87,-0.082807,F,False,,,
2025-01,Government & Institutions,Opex - IT,14048.73,15300.0,-1251.27,-0.081782,F,False,,,
2025-02,Government & Institutions,Opex - IT,15671.45,15325.0,346.45,0.022607,U,False,,,
2025-03,Government & Institutions,Opex - IT,15119.54,15350.0,-230.46,-0.015014,F,False,,,
2025-04,Government & Institutions,Opex - IT,16607.15,15375.0,1232.15,0.08014,U,False,,,
2025-05,Government & Institutions,Opex - IT,16036.08,15400.0,636.08,0.041304,U,False,,,
2025-06,Government & Institutions,Opex - IT,17627.9,15425.0,2202.9,0.142814,U,False,,,
2025-07,Government & Institutions,Opex - IT,16235.32,15450.0,785.32,0.05083,U,False,,,
2025-08,Government & Institutions,Opex - IT,13890.56,15475.0,-1584.44,-0.102387,F,False,,,
2025-09,Government & Institutions,Opex - IT,15751.47,15500.0,251.47,0.016224,U,False,,,
2025-10,Government & Institutions,Opex - IT,17757.57,15525.0,2232.57,0.143805,U,False,,,
2025-11,Government & Institutions,Opex - IT,15362.09,15550.0,-187.91,-0.012084,F,False,,,
2025-12,Government & Institutions,Opex - IT,16815.64,15575.0,1240.64,0.079656,U,False,,,
2026-01,Government & Institutions,Opex - IT,16073.34,15600.0,473.34,0.030342,U,False,,,
2026-02,Government & Institutions,Opex - IT,15372.4,15625.0,-252.6,-0.016166,F,False,,,
2026-03,Government & Institutions,Opex - IT,15955.62,15650.0,305.62,0.019528,U,False,,,
2026-04,Government & Institutions,Opex - IT,13340.25,15675.0,-2334.75,-0.148947,F,False,,,
2026-05,Government & Institutions,Opex - IT,17661.17,15700.0,1961.17,0.124915,U,False,,,
2026-06,Government & Institutions,Opex - IT,18036.43,15725.0,2311.43,0.146991,U,False,,,
2024-01,Government & Institutions,Opex - Marketing,3526.98,3640.0,-113.02,-0.031049,F,False,,,
2024-02,Government & Institutions,Opex - Marketing,4022.9,3760.0,262.9,0.06992,U,False,,,
2024-03,Government & Institutions,Opex - Marketing,3943.78,3880.0,63.78,0.016438,U,False,,,
2024-04,Government & Institutions,Opex - Marketing,4313.51,4180.0,133.51,0.03194,U,False,,,
2024-05,Government & Institutions,Opex - Marketing,3911.96,4300.0,-388.04,-0.090242,F,False,,,
2024-06,Government & Institutions,Opex - Marketing,3152.55,4240.0,-1087.45,-0.256474,F,False,,,
2024-07,Government & Institutions,Opex - Marketing,4730.15,3820.0,910.15,0.238259,U,False,,,
2024-08,Government & Institutions,Opex - Marketing,3336.49,3520.0,-183.51,-0.052134,F,False,,,
2024-09,Government & Institutions,Opex - Marketing,4063.75,3940.0,123.75,0.031409,U,False,,,
2024-10,Government & Institutions,Opex - Marketing,3831.42,4240.0,-408.58,-0.096363,F,False,,,
2024-11,Government & Institutions,Opex - Marketing,4817.44,4360.0,457.44,0.104917,U,False,,,
2024-12,Government & Institutions,Opex - Marketing,4409.09,4120.0,289.09,0.070167,U,False,,,
2025-01,Government & Institutions,Opex - Marketing,3512.25,3640.0,-127.75,-0.035096,F,False,,,
2025-02,Government & Institutions,Opex - Marketing,4309.4,3760.0,549.4,0.146117,U,False,,,
2025-03,Government & Institutions,Opex - Marketing,4092.91,3880.0,212.91,0.054874,U,False,,,
2025-04,Government & Institutions,Opex - Marketing,3240.64,4180.0,-939.36,-0.224727,F,False,,,
2025-05,Government & Institutions,Opex - Marketing,5072.97,4300.0,772.97,0.17976,U,False,,,
2025-06,Government & Institutions,Opex - Marketing,5108.67,4240.0,868.67,0.204875,U,False,,,
2025-07,Government & Institutions,Opex - Marketing,4297.37,3820.0,477.37,0.124966,U,False,,,
2025-08,Government & Institutions,Opex - Marketing,3324.22,3520.0,-195.78,-0.055619,F,False,,,
2025-09,Government & Institutions,Opex - Marketing,3944.75,3940.0,4.75,0.001206,U,False,,,
2025-10,Government & Institutions,Opex - Marketing,4206.19,4240.0,-33.81,-0.007974,F,False,,,
2025-11,Government & Institutions,Opex - Marketing,3888.06,4360.0,-471.94,-0.108243,F,False,,,
2025-12,Government & Institutions,Opex - Marketing,4069.45,4120.0,-50.55,-0.012269,F,False,,,
2026-01,Government & Institutions,Opex - Marketing,3765.44,3640.0,125.44,0.034462,U,False,,,
2026-02,Government & Institutions,Opex - Marketing,3841.68,3760.0,81.68,0.021723,U,False,,,
2026-03,Government & Institutions,Opex - Marketing,3724.03,3880.0,-155.97,-0.040198,F,False,,,
2026-04,Government & Institutions,Opex - Marketing,3295.24,4180.0,-884.76,-0.211665,F,False,,,
2026-05,Government & Institutions,Opex - Marketing,4470.25,4300.0,170.25,0.039593,U,False,,,
2026-06,Government & Institutions,Opex - Marketing,4845.25,4240.0,605.25,0.142748,U,False,,,
2024-01,Government & Institutions,Opex - Travel,1599.05,1820.0,-220.95,-0.121401,F,False,,,
2024-02,Government & Institutions,Opex - Travel,1599.05,1880.0,-280.95,-0.149441,F,False,,,
2024-03,Government & Institutions,Opex - Travel,1604.25,1940.0,-335.75,-0.173067,F,False,,,
2024-04,Government & Institutions,Opex - Travel,2212.74,2090.0,122.74,0.058727,U,False,,,
2024-05,Government & Institutions,Opex - Travel,2146.22,2150.0,-3.78,-0.001758,F,False,,,
2024-06,Government & Institutions,Opex - Travel,2009.18,2120.0,-110.82,-0.052274,F,False,,,
2024-07,Government & Institutions,Opex - Travel,1976.73,1910.0,66.73,0.034937,U,False,,,
2024-08,Government & Institutions,Opex - Travel,1980.3,1760.0,220.3,0.12517,U,False,,,
2024-09,Government & Institutions,Opex - Travel,1886.32,1970.0,-83.68,-0.042477,F,False,,,
2024-10,Government & Institutions,Opex - Travel,1628.08,2120.0,-491.92,-0.232038,F,False,,,
2024-11,Government & Institutions,Opex - Travel,2167.58,2180.0,-12.42,-0.005697,F,False,,,
2024-12,Government & Institutions,Opex - Travel,2057.19,2060.0,-2.81,-0.001364,F,False,,,
2025-01,Government & Institutions,Opex - Travel,1944.81,1820.0,124.81,0.068577,U,False,,,
2025-02,Government & Institutions,Opex - Travel,1706.5,1880.0,-173.5,-0.092287,F,False,,,
2025-03,Government & Institutions,Opex - Travel,1951.31,1940.0,11.31,0.00583,U,False,,,
2025-04,Government & Institutions,Opex - Travel,1751.45,2090.0,-338.55,-0.161986,F,False,,,
2025-05,Government & Institutions,Opex - Travel,2350.13,2150.0,200.13,0.093084,U,False,,,
2025-06,Government & Institutions,Opex - Travel,1904.81,2120.0,-215.19,-0.101505,F,False,,,
2025-07,Government & Institutions,Opex - Travel,1994.53,1910.0,84.53,0.044257,U,False,,,
2025-08,Government & Institutions,Opex - Travel,1774.72,1760.0,14.72,0.008364,U,False,,,
2025-09,Government & Institutions,Opex - Travel,2236.07,1970.0,266.07,0.135061,U,False,,,
2025-10,Government & Institutions,Opex - Travel,2109.15,2120.0,-10.85,-0.005118,F,False,,,
2025-11,Government & Institutions,Opex - Travel,2135.76,2180.0,-44.24,-0.020294,F,False,,,
2025-12,Government & Institutions,Opex - Travel,1691.94,2060.0,-368.06,-0.17867,F,False,,,
2026-01,Government & Institutions,Opex - Travel,1622.77,1820.0,-197.23,-0.108368,F,False,,,
2026-02,Government & Institutions,Opex - Travel,1820.01,1880.0,-59.99,-0.03191,F,False,,,
2026-03,Government & Institutions,Opex - Travel,2000.42,1940.0,60.42,0.031144,U,False,,,
2026-04,Government & Institutions,Opex - Travel,1847.13,2090.0,-242.87,-0.116206,F,False,,,
2026-05,Government & Institutions,Opex - Travel,1575.34,2150.0,-574.66,-0.267284,F,False,,,
2026-06,Government & Institutions,Opex - Travel,2050.83,2120.0,-69.17,-0.032627,F,False,,,
2024-01,Government & Institutions,Payroll,94229.99,95000.0,-770.01,-0.008105,F,False,,,
2024-02,Government & Institutions,Payroll,96233.32,95234.3,999.02,0.01049,U,False,,,
2024-03,Government & Institutions,Payroll,96643.93,95469.17,1174.76,0.012305,U,False,,,
2024-04,Government & Institutions,Payroll,93591.96,95704.62,-2112.66,-0.022075,F,False,,,
2024-05,Government & Institutions,Payroll,92694.1,95940.66,-3246.56,-0.033839,F,False,,,
2024-06,Government & Institutions,Payroll,97104.55,96177.27,927.28,0.009641,U,False,,,
2024-07,Government & Institutions,Payroll,98026.15,96414.47,1611.68,0.016716,U,False,,,
2024-08,Government & Institutions,Payroll,97860.57,96652.25,1208.32,0.012502,U,False,,,
2024-09,Government & Institutions,Payroll,96001.48,96890.62,-889.14,-0.009177,F,False,,,
2024-10,Government & Institutions,Payroll,95609.67,97129.58,-1519.91,-0.015648,F,False,,,
2024-11,Government & Institutions,Payroll,95361.74,97369.13,-2007.39,-0.020616,F,False,,,
2024-12,Government & Institutions,Payroll,98873.28,97609.27,1264.01,0.01295,U,False,,,
2025-01,Government & Institutions,Payroll,94790.27,97850.0,-3059.73,-0.03127,F,False,,,
2025-02,Government & Institutions,Payroll,95155.18,98091.32,-2936.14,-0.029933,F,False,,,
2025-03,Government & Institutions,Payroll,99213.94,98333.24,880.7,0.008956,U,False,,,
2025-04,Government & Institutions,Payroll,100166.79,98575.76,1591.03,0.01614,U,False,,,
2025-05,Government & Institutions,Payroll,99014.61,98818.87,195.74,0.001981,U,False,,,
2025-06,Government & Institutions,Payroll,98469.67,99062.59,-592.92,-0.005985,F,False,,,
2025-07,Government & Institutions,Payroll,100577.29,99306.9,1270.39,0.012793,U,False,,,
2025-08,Government & Institutions,Payroll,96000.59,99551.82,-3551.23,-0.035672,F,False,,,
2025-09,Government & Institutions,Payroll,100306.74,99797.34,509.4,0.005104,U,False,,,
2025-10,Government & Institutions,Payroll,97437.03,100043.47,-2606.44,-0.026053,F,False,,,
2025-11,Government & Institutions,Payroll,100378.89,100290.2,88.69,0.000884,U,False,,,
2025-12,Government & Institutions,Payroll,101324.28,100537.55,786.73,0.007825,U,False,,,
2026-01,Government & Institutions,Payroll,99082.13,100785.5,-1703.37,-0.016901,F,False,,,
2026-02,Government & Institutions,Payroll,98519.92,101034.06,-2514.14,-0.024884,F,False,,,
2026-03,Government & Institutions,Payroll,100010.99,101283.24,-1272.25,-0.012561,F,False,,,
2026-04,Government & Institutions,Payroll,104452.67,101533.03,2919.64,0.028756,U,False,,,
2026-05,Government & Institutions,Payroll,104255.13,101783.44,2471.69,0.024284,U,False,,,
2026-06,Government & Institutions,Payroll,100209.38,102034.47,-1825.09,-0.017887,F,False,,,
2024-01,Government & Institutions,Social charges,43301.79,43700.0,-398.21,-0.009112,F,False,,,
2024-02,Government & Institutions,Social charges,44392.22,43807.78,584.44,0.013341,U,False,,,
2024-03,Government & Institutions,Social charges,43915.91,43915.82,0.09,2e-06,U,False,,,
2024-04,Government & Institutions,Social charges,43909.1,44024.13,-115.03,-0.002613,F,False,,,
2024-05,Government & Institutions,Social charges,42099.71,44132.7,-2032.99,-0.046065,F,False,,,
2024-06,Government & Institutions,Social charges,44102.89,44241.54,-138.65,-0.003134,F,False,,,
2024-07,Government & Institutions,Social charges,44241.38,44350.66,-109.28,-0.002464,F,False,,,
2024-08,Government & Institutions,Social charges,45662.07,44460.04,1202.03,0.027036,U,False,,,
2024-09,Government & Institutions,Social charges,44208.22,44569.69,-361.47,-0.00811,F,False,,,
2024-10,Government & Institutions,Social charges,44523.81,44679.61,-155.8,-0.003487,F,False,,,
2024-11,Government & Institutions,Social charges,43024.06,44789.8,-1765.74,-0.039423,F,False,,,
2024-12,Government & Institutions,Social charges,46379.62,44900.26,1479.36,0.032948,U,False,,,
2025-01,Government & Institutions,Social charges,43062.29,45011.0,-1948.71,-0.043294,F,False,,,
2025-02,Government & Institutions,Social charges,43755.95,45122.01,-1366.06,-0.030275,F,False,,,
2025-03,Government & Institutions,Social charges,46098.04,45233.29,864.75,0.019118,U,False,,,
2025-04,Government & Institutions,Social charges,46602.58,45344.85,1257.73,0.027737,U,False,,,
2025-05,Government & Institutions,Social charges,45131.44,45456.68,-325.24,-0.007155,F,False,,,
2025-06,Government & Institutions,Social charges,44709.55,45568.79,-859.24,-0.018856,F,False,,,
2025-07,Government & Institutions,Social charges,46389.73,45681.18,708.55,0.015511,U,False,,,
2025-08,Government & Institutions,Social charges,43981.93,45793.84,-1811.91,-0.039567,F,False,,,
2025-09,Government & Institutions,Social charges,45928.08,45906.78,21.3,0.000464,U,False,,,
2025-10,Government & Institutions,Social charges,44094.66,46020.0,-1925.34,-0.041837,F,False,,,
2025-11,Government & Institutions,Social charges,45752.83,46133.49,-380.66,-0.008251,F,False,,,
2025-12,Government & Institutions,Social charges,46530.12,46247.27,282.85,0.006116,U,False,,,
2026-01,Government & Institutions,Social charges,45604.48,46361.33,-756.85,-0.016325,F,False,,,
2026-02,Government & Institutions,Social charges,44819.86,46475.67,-1655.81,-0.035627,F,False,,,
2026-03,Government & Institutions,Social charges,46746.61,46590.29,156.32,0.003355,U,False,,,
2026-04,Government & Institutions,Social charges,48200.55,46705.2,1495.35,0.032017,U,False,,,
2026-05,Government & Institutions,Social charges,47772.08,46820.38,951.7,0.020327,U,False,,,
2026-06,Government & Institutions,Social charges,46831.82,46935.85,-104.03,-0.002216,F,False,,,
